"sysdate","variable","value"
2019-05-03,"diesel",21.6311811023622
2019-05-06,"diesel",21.6287401574803
2019-05-07,"diesel",21.6230708661417
2019-05-08,"diesel",21.6131496062992
2019-05-09,"diesel",21.6040551181102
2019-05-10,"diesel",21.5863385826772
2019-05-13,"diesel",21.5804330708661
2019-05-14,"diesel",21.5799606299213
2019-05-15,"diesel",21.5805511811024
2019-05-16,"diesel",21.5773228346457
2019-05-17,"diesel",21.5735433070866
2019-05-20,"diesel",21.572874015748
2019-05-21,"diesel",21.5697637795276
2019-05-22,"diesel",21.5846456692913
2019-05-23,"diesel",21.5949212598425
2019-05-24,"diesel",21.6010236220472
2019-05-27,"diesel",21.6015748031496
2019-05-28,"diesel",21.6015748031496
2019-05-29,"diesel",21.5822440944882
2019-05-30,"diesel",21.5676377952756
2019-05-31,"diesel",21.551811023622
2019-06-03,"diesel",21.515
2019-06-04,"diesel",21.5082352941176
2019-06-06,"diesel",21.4713725490196
2019-06-07,"diesel",21.4336470588235
2019-06-10,"diesel",21.4034901960784
2019-06-11,"diesel",21.3976078431373
2019-06-12,"diesel",21.4029803921569
2019-06-13,"diesel",21.3921568627451
2019-06-14,"diesel",21.3705098039216
2019-06-17,"diesel",21.3408984375
2019-06-18,"diesel",21.3455642023346
2019-06-19,"diesel",21.3519844357977
2019-06-20,"diesel",21.3513565891473
2019-06-21,"diesel",21.347519379845
2019-06-24,"diesel",21.3464864864865
2019-06-25,"diesel",21.347528957529
2019-06-26,"diesel",21.3586872586873
2019-06-27,"diesel",21.3793822393822
2019-06-28,"diesel",21.3988803088803
2019-07-02,"diesel",21.4137065637066
2019-07-04,"diesel",21.4206563706564
2019-07-05,"diesel",21.4162548262548
2019-07-08,"diesel",21.4123938223938
2019-07-09,"diesel",21.4120077220077
2019-07-10,"diesel",21.4148648648649
2019-07-11,"diesel",21.4068725868726
2019-07-12,"diesel",21.3781467181467
2019-07-15,"diesel",21.3621621621622
2019-07-16,"diesel",21.3640154440154
2019-07-17,"diesel",21.3775675675676
2019-07-18,"diesel",21.392277992278
2019-07-19,"diesel",21.3991505791506
2019-07-22,"diesel",21.4011153846154
2019-07-23,"diesel",21.4000769230769
2019-07-24,"diesel",21.3891153846154
2019-07-25,"diesel",21.3781153846154
2019-07-26,"diesel",21.3746538461538
2019-07-29,"diesel",21.3635769230769
2019-07-30,"diesel",21.3632307692308
2019-07-31,"diesel",21.3676923076923
2019-08-01,"diesel",21.371
2019-08-02,"diesel",21.3767692307692
2019-08-05,"diesel",21.3870498084291
2019-08-06,"diesel",21.3866283524904
2019-08-07,"diesel",21.3870342205323
2019-08-08,"diesel",21.3743346007605
2019-08-09,"diesel",21.3558174904943
2019-08-12,"diesel",21.3268060836502
2019-08-13,"diesel",21.3213307984791
2019-08-14,"diesel",21.3045247148289
2019-08-15,"diesel",21.2864258555133
2019-08-16,"diesel",21.2719391634981
2019-08-19,"diesel",21.2523574144487
2019-08-20,"diesel",21.2527376425856
2019-08-21,"diesel",21.2571482889734
2019-08-22,"diesel",21.2577946768061
2019-08-23,"diesel",21.2680988593156
2019-08-27,"diesel",21.2766920152091
2019-08-28,"diesel",21.2796197718631
2019-08-29,"diesel",21.284144486692
2019-08-30,"diesel",21.2868060836502
2019-09-02,"diesel",21.2909505703422
2019-09-03,"diesel",21.2907984790875
2019-09-04,"diesel",21.2916730038023
2019-09-05,"diesel",21.2868060836502
2019-09-06,"diesel",21.2852091254753
2019-09-09,"diesel",21.2816349809886
2019-09-10,"diesel",21.2801140684411
2019-09-11,"diesel",21.2784790874525
2019-09-12,"diesel",21.2774144486692
2019-09-13,"diesel",21.2773003802281
2019-09-17,"diesel",21.2785551330798
2019-09-18,"diesel",21.2768060836502
2019-09-19,"diesel",21.2630038022814
2019-09-20,"diesel",21.2551330798479
2019-09-23,"diesel",21.2479087452471
2019-09-24,"diesel",21.245969581749
2019-09-25,"diesel",21.2561216730038
2019-09-26,"diesel",21.264144486692
2019-09-30,"diesel",21.2702661596958
2019-10-01,"diesel",21.2709885931559
2019-10-02,"diesel",21.2706463878327
2019-10-03,"diesel",21.2637642585551
2019-10-04,"diesel",21.2593155893536
2019-10-07,"diesel",21.2435227272727
2019-10-08,"diesel",21.2430418250951
2019-10-09,"diesel",21.2323574144487
2019-10-21,"diesel",21.213536121673
2019-10-30,"diesel",21.1934980988593
2019-11-01,"diesel",21.191711026616
2019-11-04,"diesel",21.1877186311787
2019-11-05,"diesel",21.1884030418251
2019-11-06,"diesel",21.18463878327
2019-11-07,"diesel",21.1778707224335
2019-11-11,"diesel",21.1776045627376
2019-11-13,"diesel",21.17875
2019-11-14,"diesel",21.1806818181818
2019-11-19,"diesel",21.1854545454545
2019-11-20,"diesel",21.1865151515152
2019-11-26,"diesel",21.2017735849057
2019-11-27,"diesel",21.2087547169811
2019-11-28,"diesel",21.2099622641509
2019-11-29,"diesel",21.2277358490566
2019-12-02,"diesel",21.2489056603774
2019-12-03,"diesel",21.2487547169811
2019-12-04,"diesel",21.2585283018868
2019-12-05,"diesel",21.2610566037736
2019-12-09,"diesel",21.259320754717
2019-12-11,"diesel",21.2458490566038
2019-12-12,"diesel",21.2415471698113
2019-12-13,"diesel",21.2350566037736
2019-12-16,"diesel",21.2309056603774
2019-12-17,"diesel",21.2304528301887
2019-12-18,"diesel",21.2302264150943
2019-12-19,"diesel",21.2299245283019
2019-12-20,"diesel",21.233320754717
2020-01-08,"diesel",21.2964285714286
2020-01-09,"diesel",21.2907142857143
2020-01-10,"diesel",21.2931203007519
2020-01-13,"diesel",21.2836090225564
2020-01-14,"diesel",21.2841353383459
2020-01-15,"diesel",21.2854511278195
2020-01-16,"diesel",21.2795864661654
2020-01-17,"diesel",21.2722180451128
2020-01-20,"diesel",21.2698120300752
2020-01-21,"diesel",21.2764661654135
2020-01-22,"diesel",21.2915789473684
2020-01-23,"diesel",21.2957518796992
2020-01-24,"diesel",21.2962406015038
2020-01-27,"diesel",21.3548496240602
2020-01-28,"diesel",21.3581578947368
2020-01-30,"diesel",21.2784962406015
2020-01-31,"diesel",21.2684586466165
2020-02-04,"diesel",21.2253007518797
2020-02-05,"diesel",21.2171052631579
2020-02-10,"diesel",21.1280827067669
2020-02-11,"diesel",21.1253759398496
2020-02-13,"diesel",21.1124812030075
2020-02-17,"diesel",21.0975939849624
2020-02-18,"diesel",21.0977902621723
2020-02-19,"diesel",21.0947940074906
2020-02-20,"diesel",21.0977528089888
2020-02-21,"diesel",21.0910112359551
2020-02-24,"diesel",21.0811235955056
2020-02-25,"diesel",21.0825842696629
2020-02-26,"diesel",21.0886516853933
2020-02-27,"diesel",21.0862921348315
2020-02-28,"diesel",21.0670037453184
2020-03-02,"diesel",20.9922471910112
2020-03-03,"diesel",21.0007116104869
2020-03-04,"diesel",20.9912359550562
2020-03-05,"diesel",20.9825468164794
2020-03-06,"diesel",20.9835580524345
2020-03-09,"diesel",20.9605992509363
2020-03-10,"diesel",20.9576029962547
2020-03-11,"diesel",20.9311610486891
2020-03-12,"diesel",20.8623595505618
2020-03-13,"diesel",20.7901872659176
2020-03-17,"diesel",20.5391760299625
2020-03-18,"diesel",20.470861423221
2020-03-19,"diesel",20.2637453183521
2020-03-20,"diesel",20.0989416058394
2020-03-21,"diesel",19.7046715328467
2020-03-22,"diesel",19.7075655430712
2020-03-23,"diesel",19.6730337078652
2020-03-24,"diesel",19.6094756554307
2020-03-25,"diesel",19.5453183520599
2020-03-26,"diesel",19.4911235955056
2020-03-27,"diesel",19.4821348314607
2020-03-28,"diesel",19.4856179775281
2020-03-29,"diesel",19.448202247191
2020-03-30,"diesel",19.4283146067416
2020-03-31,"diesel",19.3958052434457
2020-04-01,"diesel",19.3347940074906
2020-04-02,"diesel",19.3007116104869
2020-04-03,"diesel",19.2779026217228
2020-04-04,"diesel",19.2425093632959
2020-04-05,"diesel",19.2258052434457
2020-04-06,"diesel",19.225543071161
2020-04-07,"diesel",19.2125093632959
2020-04-08,"diesel",19.2224719101124
2020-04-09,"diesel",19.2459176029963
2020-04-10,"diesel",19.2053558052434
2020-04-11,"diesel",19.200074906367
2020-04-12,"diesel",19.19265917603
2020-04-13,"diesel",19.1881647940075
2020-04-14,"diesel",19.1803370786517
2020-04-15,"diesel",19.1676779026217
2020-04-16,"diesel",19.1512359550562
2020-04-17,"diesel",19.1297388059701
2020-04-18,"diesel",19.0994776119403
2020-04-19,"diesel",19.0874253731343
2020-04-20,"diesel",19.0873880597015
2020-04-21,"diesel",19.0817910447761
2020-04-22,"diesel",19.0798880597015
2020-04-23,"diesel",19.0572014925373
2020-04-24,"diesel",19.0045895522388
2020-04-25,"diesel",18.9012686567164
2020-04-26,"diesel",18.8621268656716
2020-04-27,"diesel",18.8398880597015
2020-04-28,"diesel",18.8164179104478
2020-04-29,"diesel",18.7489925373134
2020-04-30,"diesel",18.6626492537313
2020-05-01,"diesel",18.6073880597015
2020-05-02,"diesel",18.5694402985075
2020-05-03,"diesel",18.5302611940299
2020-05-04,"diesel",18.5294402985075
2020-05-05,"diesel",18.5276119402985
2020-05-06,"diesel",18.5423134328358
2020-05-07,"diesel",18.5094402985075
2020-05-08,"diesel",18.5139552238806
2020-05-09,"diesel",18.5390298507463
2020-05-10,"diesel",18.5041044776119
2020-05-11,"diesel",18.5064179104478
2020-05-12,"diesel",18.502947761194
2020-05-13,"diesel",18.4917910447761
2020-05-14,"diesel",18.4985820895522
2020-05-15,"diesel",18.5058582089552
2020-05-16,"diesel",18.4705970149254
2020-05-17,"diesel",18.4698134328358
2020-05-18,"diesel",18.4586194029851
2020-05-19,"diesel",18.4374253731343
2020-05-20,"diesel",18.4794029850746
2020-05-21,"diesel",18.5399626865672
2020-05-22,"diesel",18.6240298507463
2020-05-23,"diesel",18.6364552238806
2020-05-24,"diesel",18.6441791044776
2020-05-25,"diesel",18.648171641791
2020-05-26,"diesel",18.6556343283582
2020-05-27,"diesel",18.6561194029851
2020-05-29,"diesel",18.6392910447761
2020-05-30,"diesel",18.6239925373134
2020-05-31,"diesel",18.5951865671642
2020-06-01,"diesel",18.5830970149254
2020-06-02,"diesel",18.5820149253731
2020-06-03,"diesel",18.5639925373134
2020-06-04,"diesel",18.5752985074627
2020-06-05,"diesel",18.5907835820896
2020-06-06,"diesel",18.5966044776119
2020-06-07,"diesel",18.596828358209
2020-06-08,"diesel",18.5971268656716
2020-06-09,"diesel",18.6014179104478
2020-06-10,"diesel",18.6423880597015
2020-06-11,"diesel",18.6869776119403
2020-06-12,"diesel",18.7160447761194
2020-06-13,"diesel",18.7427611940298
2020-06-14,"diesel",18.7479104477612
2020-06-15,"diesel",18.7517164179104
2020-06-16,"diesel",18.7525373134328
2020-06-17,"diesel",18.759776119403
2020-06-18,"diesel",18.7817164179104
2020-06-19,"diesel",18.8284328358209
2020-06-20,"diesel",18.8816417910448
2020-06-21,"diesel",18.9871268656716
2020-06-22,"diesel",19.0057462686567
2020-06-23,"diesel",19.0401492537313
2020-06-24,"diesel",19.1241417910448
2020-06-25,"diesel",19.1754850746269
2020-06-26,"diesel",19.2248507462687
2020-06-27,"diesel",19.2455597014925
2020-06-28,"diesel",19.2457089552239
2020-06-29,"diesel",19.250223880597
2020-06-30,"diesel",19.2623134328358
2020-07-01,"diesel",19.2594402985075
2020-07-02,"diesel",19.2870149253731
2020-07-03,"diesel",19.3297388059701
2020-07-04,"diesel",19.3739179104478
2020-07-05,"diesel",19.4022014925373
2020-07-06,"diesel",19.4089925373134
2020-07-07,"diesel",19.4219776119403
2020-07-08,"diesel",19.4542537313433
2020-07-09,"diesel",19.4760447761194
2020-07-10,"diesel",19.5076119402985
2020-07-11,"diesel",19.5469776119403
2020-07-12,"diesel",19.584776119403
2020-07-13,"diesel",19.592052238806
2020-07-14,"diesel",19.5977985074627
2020-07-15,"diesel",19.6223880597015
2020-07-16,"diesel",19.6334701492537
2020-07-17,"diesel",19.636828358209
2020-07-18,"diesel",19.654328358209
2020-07-19,"diesel",19.6547388059701
2020-07-20,"diesel",19.6519029850746
2020-07-21,"diesel",19.6532835820896
2020-07-22,"diesel",19.6466791044776
2020-07-23,"diesel",19.6640671641791
2020-07-24,"diesel",19.6837686567164
2020-07-25,"diesel",19.6910820895522
2020-07-26,"diesel",19.6984701492537
2020-07-27,"diesel",19.6994029850746
2020-07-28,"diesel",19.7094776119403
2020-07-29,"diesel",19.7087313432836
2020-07-30,"diesel",19.7084701492537
2020-07-31,"diesel",19.6871641791045
2020-08-01,"diesel",19.6864179104478
2020-08-02,"diesel",19.6779104477612
2020-08-03,"diesel",19.6788805970149
2020-08-04,"diesel",19.6753358208955
2020-08-05,"diesel",19.6665298507463
2020-08-06,"diesel",19.6591417910448
2020-08-07,"diesel",19.6706343283582
2020-08-08,"diesel",19.6598134328358
2020-08-09,"diesel",19.6654850746269
2020-08-10,"diesel",19.6639925373134
2020-08-11,"diesel",19.6635074626866
2020-08-12,"diesel",19.6594029850746
2020-08-13,"diesel",19.6527985074627
2020-08-14,"diesel",19.6521268656716
2020-08-15,"diesel",19.6512686567164
2020-08-16,"diesel",19.6564925373134
2020-08-17,"diesel",19.6525
2020-08-18,"diesel",19.6492910447761
2020-08-19,"diesel",19.6413059701493
2020-08-20,"diesel",19.6481343283582
2020-08-21,"diesel",19.6538059701493
2020-08-22,"diesel",19.6612686567164
2020-08-23,"diesel",19.6647388059701
2020-08-24,"diesel",19.6614179104478
2020-08-25,"diesel",19.6639925373134
2020-08-26,"diesel",19.6605223880597
2020-08-27,"diesel",19.6673880597015
2020-08-28,"diesel",19.679552238806
2020-08-29,"diesel",19.6795149253731
2020-08-30,"diesel",19.6619402985075
2020-08-31,"diesel",19.6533582089552
2020-09-01,"diesel",19.6635820895522
2020-09-02,"diesel",19.6522014925373
2020-09-03,"diesel",19.6450373134328
2020-09-04,"diesel",19.6314179104478
2020-09-05,"diesel",19.6285074626866
2020-09-06,"diesel",19.6025373134328
2020-09-07,"diesel",19.595447761194
2020-09-08,"diesel",19.5970149253731
2020-09-09,"diesel",19.5804850746269
2020-09-10,"diesel",19.5637313432836
2020-09-11,"diesel",19.5299626865672
2020-09-12,"diesel",19.4982089552239
2020-09-13,"diesel",19.4409293680297
2020-09-14,"diesel",19.4268401486989
2020-09-15,"diesel",19.4048698884758
2020-09-16,"diesel",19.3695167286245
2020-09-17,"diesel",19.3371747211896
2020-09-18,"diesel",19.3273234200744
2020-09-19,"diesel",19.3050557620818
2020-09-20,"diesel",19.280780669145
2020-09-21,"diesel",19.278624535316
2020-09-22,"diesel",19.2727881040892
2020-09-23,"diesel",19.1558148148148
2020-09-24,"diesel",19.2352788104089
2020-09-25,"diesel",19.2161338289963
2020-09-26,"diesel",19.1976579925651
2020-09-27,"diesel",19.1910037174721
2020-09-28,"diesel",19.1918215613383
2020-09-29,"diesel",19.1813011152416
2020-09-30,"diesel",19.1900371747212
2020-10-01,"diesel",19.1966171003717
2020-10-02,"diesel",19.2029739776952
2020-10-03,"diesel",19.1914498141264
2020-10-04,"diesel",19.1814869888476
2020-10-05,"diesel",19.1795539033457
2020-10-06,"diesel",19.1722304832714
2020-10-07,"diesel",19.1506691449814
2020-10-08,"diesel",19.1252416356877
2020-10-09,"diesel",19.1203345724907
2020-10-10,"diesel",19.1099256505576
2020-10-11,"diesel",19.1099256505576
2020-10-12,"diesel",19.1122304832714
2020-10-13,"diesel",19.1110408921933
2020-10-14,"diesel",19.0934944237918
2020-10-15,"diesel",19.0845724907063
2020-10-16,"diesel",19.0817843866171
2020-10-17,"diesel",19.0688847583643
2020-10-18,"diesel",19.0592936802974
2020-10-19,"diesel",19.0569144981413
2020-10-20,"diesel",19.0520817843866
2020-10-21,"diesel",19.042156133829
2020-10-22,"diesel",19.0253903345725
2020-10-23,"diesel",18.9924535315985
2020-10-24,"diesel",18.966468401487
2020-10-25,"diesel",18.94156133829
2020-10-26,"diesel",18.9379553903346
2020-10-27,"diesel",18.9336431226766
2020-10-28,"diesel",18.8847955390335
2020-10-29,"diesel",18.8411895910781
2020-10-30,"diesel",18.8110780669145
2020-10-31,"diesel",18.7744981412639
2020-11-01,"diesel",18.746282527881
2020-11-02,"diesel",18.7438661710037
2020-11-03,"diesel",18.7301115241636
2020-11-04,"diesel",18.717843866171
2020-11-05,"diesel",18.6901858736059
2020-11-06,"diesel",18.6695910780669
2020-11-07,"diesel",18.6553903345725
2020-11-08,"diesel",18.6508921933086
2020-11-09,"diesel",18.6486617100372
2020-11-10,"diesel",18.6474721189591
2020-11-11,"diesel",18.6360966542751
2020-11-12,"diesel",18.629405204461
2020-11-13,"diesel",18.6409293680297
2020-11-14,"diesel",18.6518959107807
2020-11-15,"diesel",18.6505576208178
2020-11-16,"diesel",18.6498141263941
2020-11-17,"diesel",18.6534572490706
2020-11-18,"diesel",18.6502973977695
2020-11-19,"diesel",18.6369144981413
2020-11-20,"diesel",18.6371375464684
2020-11-21,"diesel",18.6418959107807
2020-11-22,"diesel",18.6432713754647
2020-11-23,"diesel",18.642750929368
2020-11-24,"diesel",18.6451672862454
2020-11-25,"diesel",18.6564312267658
2020-11-26,"diesel",18.6553159851301
2020-11-27,"diesel",18.6788847583643
2020-11-28,"diesel",18.718029739777
2020-11-29,"diesel",18.7596654275093
2020-11-30,"diesel",18.7657620817844
2020-12-01,"diesel",18.7718215613383
2020-12-02,"diesel",18.810780669145
2020-12-03,"diesel",18.8431970260223
2020-12-04,"diesel",18.8505204460967
2020-12-05,"diesel",18.8448327137546
2020-12-06,"diesel",18.8473234200743
2020-12-07,"diesel",18.84843866171
2020-12-08,"diesel",18.8473507462687
2020-12-09,"diesel",18.8502985074627
2020-12-10,"diesel",18.8542164179104
2020-12-11,"diesel",18.8567537313433
2020-12-12,"diesel",18.8601492537313
2020-12-13,"diesel",18.8706343283582
2020-12-14,"diesel",18.8646268656716
2020-12-15,"diesel",18.8716044776119
2020-12-16,"diesel",18.9062313432836
2020-12-18,"diesel",18.9493656716418
2020-12-19,"diesel",18.9721641791045
2020-12-20,"diesel",19.0092910447761
2020-12-21,"diesel",19.0266044776119
2020-12-22,"diesel",19.0380597014925
2020-12-23,"diesel",19.0837686567164
2020-12-24,"diesel",19.1101119402985
2020-12-25,"diesel",19.1114179104478
2020-12-26,"diesel",19.1189552238806
2020-12-27,"diesel",19.1255223880597
2020-12-28,"diesel",19.1252985074627
2020-12-29,"diesel",19.1285447761194
2020-12-30,"diesel",19.1367537313433
2020-12-31,"diesel",19.1404104477612
2021-01-01,"diesel",19.1468656716418
2021-01-02,"diesel",19.1704850746269
2021-01-03,"diesel",19.1925
2021-01-04,"diesel",19.1980970149254
2021-01-05,"diesel",19.2039179104478
2021-01-06,"diesel",19.2416791044776
2021-01-07,"diesel",19.2538805970149
2021-01-08,"diesel",19.3126492537313
2021-01-09,"diesel",19.3586194029851
2021-01-10,"diesel",19.3936940298507
2021-01-11,"diesel",19.4088432835821
2021-01-12,"diesel",19.4255223880597
2021-01-13,"diesel",19.5230223880597
2021-01-14,"diesel",19.5732835820896
2021-01-15,"diesel",19.6185447761194
2021-01-16,"diesel",19.6654850746269
2021-01-17,"diesel",19.6834328358209
2021-01-18,"diesel",19.6850746268657
2021-01-19,"diesel",19.6931343283582
2021-01-20,"diesel",19.7059328358209
2021-01-21,"diesel",19.7322388059701
2021-01-22,"diesel",19.7151119402985
2021-01-23,"diesel",19.7196268656716
2021-01-24,"diesel",19.7221268656716
2021-01-25,"diesel",19.7219776119403
2021-01-26,"diesel",19.7239179104478
2021-01-27,"diesel",19.7466417910448
2021-01-28,"diesel",19.764328358209
2021-01-29,"diesel",19.7889179104478
2021-01-30,"diesel",19.8148507462687
2021-01-31,"diesel",19.8361940298507
2021-02-01,"diesel",19.8419029850746
2021-02-02,"diesel",19.8571804511278
2021-02-03,"diesel",19.864962406015
2021-02-04,"diesel",19.879962406015
2021-02-05,"diesel",19.9241353383459
2021-02-06,"diesel",19.981015037594
2021-02-07,"diesel",20.0509398496241
2021-02-08,"diesel",20.0588345864662
2021-02-09,"diesel",20.097030075188
2021-02-10,"diesel",20.1436466165414
2021-02-11,"diesel",20.1619475655431
2021-02-12,"diesel",20.1862172284644
2021-02-13,"diesel",20.2194382022472
2021-02-14,"diesel",20.2331460674157
2021-02-15,"diesel",20.2367790262172
2021-02-16,"diesel",20.2440074906367
2021-02-17,"diesel",20.2776404494382
2021-02-18,"diesel",20.2940823970037
2021-02-19,"diesel",20.3591760299625
2021-02-20,"diesel",20.4397752808989
2021-02-21,"diesel",20.5169662921348
2021-02-22,"diesel",20.5392509363296
2021-02-23,"diesel",20.5745692883895
2021-02-24,"diesel",20.6237453183521
2021-02-25,"diesel",20.6743445692884
2021-02-26,"diesel",20.7105992509363
2021-02-27,"diesel",20.7409737827715
2021-02-28,"diesel",20.7826217228464
2021-03-01,"diesel",20.7906741573034
2021-03-02,"diesel",20.831797752809
2021-03-03,"diesel",20.8882397003745
2021-03-04,"diesel",20.9607116104869
2021-03-05,"diesel",21.0056179775281
2021-03-06,"diesel",21.0288764044944
2021-03-07,"diesel",21.0502996254682
2021-03-08,"diesel",21.0570411985019
2021-03-09,"diesel",21.08
2021-03-10,"diesel",21.120936329588
2021-03-11,"diesel",21.1620224719101
2021-03-12,"diesel",21.2140449438202
2021-03-13,"diesel",21.2347940074906
2021-03-14,"diesel",21.269925093633
2021-03-15,"diesel",21.2734082397004
2021-03-16,"diesel",21.2722097378277
2021-03-17,"diesel",21.2813108614232
2021-03-18,"diesel",21.2850561797753
2021-03-19,"diesel",21.3031086142322
2021-03-21,"diesel",21.3287640449438
2021-03-22,"diesel",21.3302621722846
2021-03-23,"diesel",21.3256179775281
2021-03-24,"diesel",21.2937078651685
2021-03-25,"diesel",21.2886516853933
2021-03-26,"diesel",21.2682771535581
2021-03-27,"diesel",21.2745692883895
2021-03-28,"diesel",21.2705243445693
2021-03-29,"diesel",21.2725842696629
2021-03-30,"diesel",21.2752059925094
2021-03-31,"diesel",21.279925093633
2021-04-01,"diesel",21.2897003745318
2021-04-02,"diesel",21.292808988764
2021-04-03,"diesel",21.2946816479401
2021-04-05,"diesel",21.2934456928839
2021-04-06,"diesel",21.2968164794007
2021-04-07,"diesel",21.2975280898876
2021-04-08,"diesel",21.3015355805243
2021-04-09,"diesel",21.3037827715356
2021-04-10,"diesel",21.2993258426966
2021-04-11,"diesel",21.2913108614232
2021-04-12,"diesel",21.2923970037453
2021-04-13,"diesel",21.2947940074906
2021-04-14,"diesel",21.2934831460674
2021-04-15,"diesel",21.2964794007491
2021-04-16,"diesel",21.3016853932584
2021-04-17,"diesel",21.3138951310861
2021-04-18,"diesel",21.3397378277154
2021-04-19,"diesel",21.3401123595506
2021-04-20,"diesel",21.350861423221
2021-04-21,"diesel",21.3720973782772
2021-04-22,"diesel",21.3808239700375
2021-04-23,"diesel",21.3830337078652
2021-04-24,"diesel",21.3811985018727
2021-04-25,"diesel",21.3750187265918
2021-04-26,"diesel",21.375468164794
2021-04-27,"diesel",21.3734831460674
2021-04-28,"diesel",21.370861423221
2021-04-29,"diesel",21.3677902621723
2021-04-30,"diesel",21.3739700374532
2021-05-01,"diesel",21.3820973782772
2021-05-02,"diesel",21.3773033707865
2021-05-03,"diesel",21.3785393258427
2021-05-04,"diesel",21.3812734082397
2021-05-05,"diesel",21.3901498127341
2021-05-06,"diesel",21.3948689138577
2021-05-07,"diesel",21.4003370786517
2021-05-08,"diesel",21.4
2021-05-09,"diesel",21.4011985018727
2021-05-10,"diesel",21.4031086142322
2021-05-11,"diesel",21.4109737827715
2021-05-12,"diesel",21.4173782771536
2021-05-13,"diesel",21.4238202247191
2021-05-14,"diesel",21.4225093632959
2021-05-15,"diesel",21.4246816479401
2021-05-16,"diesel",21.4244569288389
2021-05-17,"diesel",21.4220224719101
2021-05-18,"diesel",21.4261423220974
2021-05-19,"diesel",21.4266292134831
2021-05-20,"diesel",21.4241198501873
2021-05-21,"diesel",21.4210861423221
2021-05-22,"diesel",21.4223595505618
2021-05-23,"diesel",21.4231460674157
2021-05-24,"diesel",21.4177902621723
2021-05-25,"diesel",21.4135205992509
2021-05-26,"diesel",21.4035205992509
2021-05-27,"diesel",21.3943820224719
2021-05-28,"diesel",21.3953183520599
2021-05-29,"diesel",21.3961048689139
2021-05-30,"diesel",21.3989513108614
2021-05-31,"diesel",21.4016479400749
2021-06-01,"diesel",21.4021348314607
2021-06-02,"diesel",21.4032584269663
2021-06-03,"diesel",21.4031086142322
2021-06-04,"diesel",21.4058426966292
2021-06-05,"diesel",21.4098127340824
2021-06-06,"diesel",21.4088389513109
2021-06-07,"diesel",21.4085393258427
2021-06-08,"diesel",21.4114232209738
2021-06-09,"diesel",21.4119101123595
2021-06-10,"diesel",21.4106367041198
2021-06-11,"diesel",21.4145692883895
2021-06-12,"diesel",21.42
2021-06-13,"diesel",21.4195131086142
2021-06-14,"diesel",21.4183520599251
2021-06-15,"diesel",21.4179400749064
2021-06-16,"diesel",21.4128838951311
2021-06-17,"diesel",21.4091760299625
2021-06-18,"diesel",21.4140074906367
2021-06-19,"diesel",21.4120599250936
2021-06-20,"diesel",21.4105243445693
2021-06-21,"diesel",21.4105992509363
2021-06-22,"diesel",21.4088014981273
2021-06-23,"diesel",21.415468164794
2021-06-24,"diesel",21.4276779026217
2021-06-25,"diesel",21.4411985018727
2021-06-26,"diesel",21.4436329588015
2021-06-27,"diesel",21.4348689138577
2021-06-28,"diesel",21.4323308270677
2021-06-29,"diesel",21.4328571428571
2021-06-30,"diesel",21.419962406015
2021-07-01,"diesel",21.398045112782
2021-07-02,"diesel",21.3876315789474
2021-07-03,"diesel",21.3643609022556
2021-07-04,"diesel",21.3731203007519
2021-07-05,"diesel",21.3822556390977
2021-07-06,"diesel",21.3792481203008
2021-07-07,"diesel",21.3935714285714
2021-07-08,"diesel",21.3895112781955
2021-07-09,"diesel",21.3805639097744
2021-07-10,"diesel",21.3722556390977
2021-07-11,"diesel",21.3655263157895
2021-07-12,"diesel",21.3653007518797
2021-07-13,"diesel",21.3596992481203
2021-07-14,"diesel",21.3604511278195
2021-07-15,"diesel",21.3586466165414
2021-07-16,"diesel",21.3604511278195
2021-07-17,"diesel",21.3631954887218
2021-07-18,"diesel",21.3670676691729
2021-07-19,"diesel",21.3672556390977
2021-07-20,"diesel",21.3642481203008
2021-07-21,"diesel",21.3624812030075
2021-07-22,"diesel",21.3559022556391
2021-07-23,"diesel",21.3487593984962
2021-07-24,"diesel",21.338045112782
2021-07-25,"diesel",21.3568421052632
2021-07-26,"diesel",21.3612781954887
2021-07-27,"diesel",21.3655639097744
2021-07-28,"diesel",21.3995864661654
2021-07-29,"diesel",21.42
2021-07-30,"diesel",21.4282330827068
2021-07-31,"diesel",21.4393233082707
2021-08-01,"diesel",21.4584586466165
2021-08-02,"diesel",21.4588721804511
2021-08-03,"diesel",21.460977443609
2021-08-04,"diesel",21.4671052631579
2021-08-05,"diesel",21.4675939849624
2021-08-06,"diesel",21.467969924812
2021-08-07,"diesel",21.4633834586466
2021-08-08,"diesel",21.4555639097744
2021-08-09,"diesel",21.4540601503759
2021-08-10,"diesel",21.4514661654135
2021-08-11,"diesel",21.4509022556391
2021-08-12,"diesel",21.4323308270677
2021-08-13,"diesel",21.4262406015038
2021-08-14,"diesel",21.4166917293233
2021-08-15,"diesel",21.4072556390977
2021-08-16,"diesel",21.4079323308271
2021-08-17,"diesel",21.4012781954887
2021-08-18,"diesel",21.3866917293233
2021-08-19,"diesel",21.3794360902256
2021-08-20,"diesel",21.3612030075188
2021-08-21,"diesel",21.3477819548872
2021-08-22,"diesel",21.3374436090226
2021-08-23,"diesel",21.3346616541353
2021-08-24,"diesel",21.3247368421053
2021-08-25,"diesel",21.3145864661654
2021-08-26,"diesel",21.3123684210526
2021-08-27,"diesel",21.3379323308271
2021-08-28,"diesel",21.3675939849624
2021-08-29,"diesel",21.3792857142857
2021-08-30,"diesel",21.3792857142857
2021-08-31,"diesel",21.3898120300752
2021-09-01,"diesel",21.396015037594
2021-09-02,"diesel",21.3998872180451
2021-09-03,"diesel",21.4064285714286
2021-09-04,"diesel",21.4127443609023
2021-09-05,"diesel",21.4174436090226
2021-09-06,"diesel",21.4174812030075
2021-09-07,"diesel",21.4131203007519
2021-09-08,"diesel",21.4108270676692
2021-09-09,"diesel",21.4062781954887
2021-09-10,"diesel",21.4024436090226
2021-09-11,"diesel",21.388984962406
2021-09-12,"diesel",21.3812406015038
2021-09-13,"diesel",21.3759398496241
2021-09-14,"diesel",21.3625563909774
2021-09-15,"diesel",21.3507518796992
2021-09-16,"diesel",21.3483834586466
2021-09-17,"diesel",21.344022556391
2021-09-18,"diesel",21.3378947368421
2021-09-19,"diesel",21.3314285714286
2021-09-20,"diesel",21.3286466165414
2021-09-21,"diesel",21.3206766917293
2021-09-22,"diesel",21.3086842105263
2021-09-23,"diesel",21.2966917293233
2021-09-24,"diesel",21.2864661654135
2021-09-25,"diesel",21.2800751879699
2021-09-26,"diesel",21.2758270676692
2021-09-27,"diesel",21.2728195488722
2021-09-28,"diesel",21.2679323308271
2021-09-29,"diesel",21.2652255639098
2021-09-30,"diesel",21.2710526315789
2021-10-01,"diesel",21.2779323308271
2021-10-02,"diesel",21.2821428571429
2021-10-03,"diesel",21.2911278195489
2021-10-04,"diesel",21.2938721804511
2021-10-05,"diesel",21.2975563909774
2021-10-06,"diesel",21.3111278195489
2021-10-07,"diesel",21.3157518796992
2021-10-08,"diesel",21.3266917293233
2021-10-09,"diesel",21.3272180451128
2021-10-10,"diesel",21.3300751879699
2021-10-11,"diesel",21.3337593984962
2021-10-12,"diesel",21.3354887218045
2021-10-13,"diesel",21.3404511278195
2021-10-14,"diesel",21.3403007518797
2021-10-15,"diesel",21.3458646616541
2021-10-16,"diesel",21.3421428571429
2021-10-17,"diesel",21.3439097744361
2021-10-18,"diesel",21.3431578947368
2021-10-19,"diesel",21.3454511278195
2021-10-20,"diesel",21.3548496240602
2021-10-21,"diesel",21.3386466165414
2021-10-22,"diesel",21.3444360902256
2021-10-23,"diesel",21.3374060150376
2021-10-24,"diesel",21.340679245283
2021-10-25,"diesel",21.3415094339623
2021-10-26,"diesel",21.3401132075472
2021-10-27,"diesel",21.3320754716981
2021-10-28,"diesel",21.3283396226415
2021-10-29,"diesel",21.3218490566038
2021-10-30,"diesel",21.3112452830189
2021-10-31,"diesel",21.3068679245283
2021-11-01,"diesel",21.3055849056604
2021-11-02,"diesel",21.3061886792453
2021-11-03,"diesel",21.3060377358491
2021-11-04,"diesel",21.305358490566
2021-11-05,"diesel",21.3067924528302
2021-11-06,"diesel",21.3108679245283
2021-11-07,"diesel",21.3108679245283
2021-11-08,"diesel",21.3089056603774
2021-11-09,"diesel",21.302679245283
2021-11-10,"diesel",21.2975849056604
2021-11-11,"diesel",21.2964528301887
2021-11-12,"diesel",21.2953962264151
2021-11-13,"diesel",21.29
2021-11-14,"diesel",21.2936226415094
2021-11-15,"diesel",21.2985660377358
2021-11-16,"diesel",21.2989433962264
2021-11-17,"diesel",21.3067924528302
2021-11-18,"diesel",21.3090943396226
2021-11-19,"diesel",21.3146037735849
2021-11-20,"diesel",21.3181886792453
2021-11-21,"diesel",21.3201132075472
2021-11-22,"diesel",21.3236226415094
2021-11-23,"diesel",21.3285283018868
2021-11-24,"diesel",21.3210188679245
2021-11-25,"diesel",21.3142264150943
2021-11-26,"diesel",21.3478867924528
2021-11-27,"diesel",21.3884150943396
2021-11-28,"diesel",21.4150943396226
2021-11-29,"diesel",21.4169811320755
2021-11-30,"diesel",21.4308679245283
2021-12-01,"diesel",21.4619622641509
2021-12-02,"diesel",21.4416981132075
2021-12-03,"diesel",21.4050188679245
2021-12-04,"diesel",21.3770566037736
2021-12-05,"diesel",21.3557735849057
2021-12-06,"diesel",21.3492075471698
2021-12-07,"diesel",21.3424528301887
2021-12-08,"diesel",21.3195849056604
2021-12-09,"diesel",21.320679245283
2021-12-10,"diesel",21.3304528301887
2021-12-11,"diesel",21.3372830188679
2021-12-12,"diesel",21.3852075471698
2021-12-13,"diesel",21.4059245283019
2021-12-14,"diesel",21.4244528301887
2021-12-15,"diesel",21.4637358490566
2021-12-16,"diesel",21.4820377358491
2021-12-17,"diesel",21.4867547169811
2021-12-22,"diesel",21.5152452830189
2021-12-23,"diesel",21.5083396226415
2021-12-24,"diesel",21.516641509434
2021-12-25,"diesel",21.5417735849057
2021-12-26,"diesel",21.5574339622642
2021-12-27,"diesel",21.5676226415094
2021-12-28,"diesel",21.5861886792453
2021-12-29,"diesel",21.6131698113208
2021-12-30,"diesel",21.6436981132075
2021-12-31,"diesel",21.6861132075472
2022-01-01,"diesel",21.7100377358491
2022-01-02,"diesel",21.7184905660377
2022-01-03,"diesel",21.7207547169811
2022-01-04,"diesel",21.7341886792453
2022-01-05,"diesel",21.7470188679245
2022-01-06,"diesel",21.7458867924528
2022-01-07,"diesel",21.7495471698113
2022-01-08,"diesel",21.7740377358491
2022-01-09,"diesel",21.7887924528302
2022-01-10,"diesel",21.7853962264151
2022-01-11,"diesel",21.7891698113208
2022-01-12,"diesel",21.8150566037736
2022-01-13,"diesel",21.8271320754717
2022-01-14,"diesel",21.8431320754717
2022-01-15,"diesel",21.8502641509434
2022-01-16,"diesel",21.8558490566038
2022-01-17,"diesel",21.8535849056604
2022-01-18,"diesel",21.8678113207547
2022-01-19,"diesel",21.8756981132075
2022-01-20,"diesel",21.8856981132075
2022-01-21,"diesel",21.8969433962264
2022-01-22,"diesel",21.9019245283019
2022-01-23,"diesel",21.9041886792453
2022-01-24,"diesel",21.902679245283
2022-01-25,"diesel",21.9064150943396
2022-01-26,"diesel",21.9209811320755
2022-01-27,"diesel",21.9244150943396
2022-01-28,"diesel",21.9309433962264
2022-01-29,"diesel",21.9343773584906
2022-01-30,"diesel",21.9515471698113
2022-01-31,"diesel",21.9492830188679
2022-02-01,"diesel",21.9581509433962
2022-02-02,"diesel",21.976641509434
2019-05-03,"premium",21.7581343283582
2019-05-06,"premium",21.7550248756219
2019-05-07,"premium",21.7705472636816
2019-05-08,"premium",21.7735910224439
2019-05-09,"premium",21.7738154613466
2019-05-10,"premium",21.7685536159601
2019-05-13,"premium",21.7662842892768
2019-05-14,"premium",21.7657605985037
2019-05-15,"premium",21.7660598503741
2019-05-16,"premium",21.76463840399
2019-05-17,"premium",21.7637655860349
2019-05-20,"premium",21.7740897755611
2019-05-21,"premium",21.7731343283582
2019-05-22,"premium",21.7690049751244
2019-05-23,"premium",21.7701990049751
2019-05-24,"premium",21.7773880597015
2019-05-27,"premium",21.7773383084577
2019-05-28,"premium",21.7773383084577
2019-05-29,"premium",21.7777860696517
2019-05-30,"premium",21.774328358209
2019-05-31,"premium",21.7715174129353
2019-06-03,"premium",21.7667164179104
2019-06-04,"premium",21.7643424317618
2019-06-06,"premium",21.7627093596059
2019-06-07,"premium",21.7629556650246
2019-06-10,"premium",21.7600738916256
2019-06-11,"premium",21.76
2019-06-12,"premium",21.7594827586207
2019-06-13,"premium",21.7607142857143
2019-06-14,"premium",21.7580098280098
2019-06-17,"premium",21.7579901960784
2019-06-18,"premium",21.7606097560976
2019-06-19,"premium",21.7535609756098
2019-06-20,"premium",21.7551094890511
2019-06-21,"premium",21.7522141119221
2019-06-24,"premium",21.7479611650485
2019-06-25,"premium",21.7484951456311
2019-06-26,"premium",21.7506796116505
2019-06-27,"premium",21.7538106796117
2019-06-28,"premium",21.7582766990291
2019-07-02,"premium",21.759927184466
2019-07-04,"premium",21.7620873786408
2019-07-05,"premium",21.7601941747573
2019-07-08,"premium",21.7604611650485
2019-07-09,"premium",21.7600485436893
2019-07-10,"premium",21.7593203883495
2019-07-11,"premium",21.758640776699
2019-07-12,"premium",21.7598300970874
2019-07-15,"premium",21.7603398058252
2019-07-16,"premium",21.7584951456311
2019-07-17,"premium",21.7575
2019-07-18,"premium",21.7595873786408
2019-07-19,"premium",21.7611650485437
2019-07-22,"premium",21.7565859564165
2019-07-23,"premium",21.7590821256039
2019-07-24,"premium",21.7590338164251
2019-07-25,"premium",21.7624154589372
2019-07-26,"premium",21.7647342995169
2019-07-29,"premium",21.7715700483092
2019-07-30,"premium",21.7726150121065
2019-07-31,"premium",21.7717917675545
2019-08-01,"premium",21.7723002421308
2019-08-02,"premium",21.7725181598063
2019-08-05,"premium",21.7653734939759
2019-08-06,"premium",21.7661686746988
2019-08-07,"premium",21.7646506024096
2019-08-08,"premium",21.7652403846154
2019-08-09,"premium",21.7642548076923
2019-08-12,"premium",21.7627163461538
2019-08-13,"premium",21.7650721153846
2019-08-14,"premium",21.7682211538462
2019-08-15,"premium",21.7708653846154
2019-08-16,"premium",21.770625
2019-08-19,"premium",21.7663942307692
2019-08-20,"premium",21.7665865384615
2019-08-21,"premium",21.7668509615385
2019-08-22,"premium",21.7684375
2019-08-23,"premium",21.7705048076923
2019-08-27,"premium",21.7650961538462
2019-08-28,"premium",21.7631971153846
2019-08-29,"premium",21.7630048076923
2019-08-30,"premium",21.7675480769231
2019-09-02,"premium",21.7587259615385
2019-09-03,"premium",21.7594711538462
2019-09-04,"premium",21.7561538461538
2019-09-05,"premium",21.7595673076923
2019-09-06,"premium",21.7590625
2019-09-09,"premium",21.7611298076923
2019-09-10,"premium",21.7613461538462
2019-09-11,"premium",21.7647596153846
2019-09-12,"premium",21.7655769230769
2019-09-13,"premium",21.7675539568345
2019-09-17,"premium",21.7710551558753
2019-09-18,"premium",21.7714868105516
2019-09-19,"premium",21.7691127098321
2019-09-20,"premium",21.7676978417266
2019-09-23,"premium",21.7634532374101
2019-09-24,"premium",21.7613429256595
2019-09-25,"premium",21.7613669064748
2019-09-26,"premium",21.7608633093525
2019-09-30,"premium",21.7642925659472
2019-10-01,"premium",21.764412470024
2019-10-02,"premium",21.7632853717026
2019-10-03,"premium",21.7725179856115
2019-10-04,"premium",21.7733333333333
2019-10-07,"premium",21.7728468899522
2019-10-08,"premium",21.7732853717026
2019-10-09,"premium",21.7749880095923
2019-10-21,"premium",21.7729256594724
2019-10-30,"premium",21.7821342925659
2019-11-01,"premium",21.7800479616307
2019-11-04,"premium",21.7815107913669
2019-11-05,"premium",21.7821103117506
2019-11-06,"premium",21.7818225419664
2019-11-07,"premium",21.7770743405276
2019-11-11,"premium",21.7705035971223
2019-11-13,"premium",21.7706698564593
2019-11-14,"premium",21.7696889952153
2019-11-19,"premium",21.7643062200957
2019-11-20,"premium",21.7602870813397
2019-11-26,"premium",21.7779047619048
2019-11-27,"premium",21.7840714285714
2019-11-28,"premium",21.7932619047619
2019-11-29,"premium",21.812119047619
2019-12-02,"premium",21.8309546539379
2019-12-03,"premium",21.8354653937947
2019-12-04,"premium",21.8391408114558
2019-12-05,"premium",21.8412887828162
2019-12-09,"premium",21.8236038186158
2019-12-11,"premium",21.8392840095465
2019-12-12,"premium",21.8316706443914
2019-12-13,"premium",21.8250596658711
2019-12-16,"premium",21.8038424821002
2019-12-17,"premium",21.8068019093079
2019-12-18,"premium",21.7882577565632
2019-12-19,"premium",21.7818377088305
2019-12-20,"premium",21.778353221957
2020-01-08,"premium",21.8857857142857
2020-01-09,"premium",21.8819523809524
2020-01-10,"premium",21.8835
2020-01-13,"premium",21.8658571428571
2020-01-14,"premium",21.8680476190476
2020-01-15,"premium",21.8656666666667
2020-01-16,"premium",21.8502857142857
2020-01-17,"premium",21.8471428571429
2020-01-20,"premium",21.8189523809524
2020-01-21,"premium",21.823619047619
2020-01-22,"premium",21.8220714285714
2020-01-23,"premium",21.8176904761905
2020-01-24,"premium",21.8202619047619
2020-01-27,"premium",21.8072619047619
2020-01-28,"premium",21.8093571428571
2020-01-30,"premium",21.783880952381
2020-01-31,"premium",21.7675476190476
2020-02-04,"premium",21.7163895486936
2020-02-05,"premium",21.6944418052257
2020-02-10,"premium",21.5857582938389
2020-02-11,"premium",21.5795011876485
2020-02-13,"premium",21.5686460807601
2020-02-17,"premium",21.5618052256532
2020-02-18,"premium",21.5731042654028
2020-02-19,"premium",21.5720142180095
2020-02-20,"premium",21.5694075829384
2020-02-21,"premium",21.5684123222749
2020-02-24,"premium",21.614644549763
2020-02-25,"premium",21.6238625592417
2020-02-26,"premium",21.6377251184834
2020-02-27,"premium",21.6423222748815
2020-02-28,"premium",21.629644549763
2020-03-02,"premium",21.5439099526066
2020-03-03,"premium",21.5512322274882
2020-03-04,"premium",21.5293127962085
2020-03-05,"premium",21.5221090047393
2020-03-06,"premium",21.5212559241706
2020-03-09,"premium",21.5049526066351
2020-03-10,"premium",21.508981042654
2020-03-11,"premium",21.4831042654028
2020-03-12,"premium",21.3920379146919
2020-03-13,"premium",21.2986966824645
2020-03-17,"premium",20.9091469194313
2020-03-18,"premium",20.8202843601896
2020-03-19,"premium",20.4654265402844
2020-03-20,"premium",20.2100456621005
2020-03-21,"premium",19.2570547945205
2020-03-22,"premium",19.2414928909953
2020-03-23,"premium",19.1712322274882
2020-03-24,"premium",19.0364928909953
2020-03-25,"premium",18.7829383886256
2020-03-26,"premium",18.3455450236967
2020-03-27,"premium",18.2238625592417
2020-03-28,"premium",18.1320853080569
2020-03-29,"premium",17.9757819905213
2020-03-30,"premium",17.9315876777251
2020-03-31,"premium",17.8492417061611
2020-04-01,"premium",17.6777962085308
2020-04-02,"premium",17.6028672985782
2020-04-03,"premium",17.5192654028436
2020-04-04,"premium",17.4317772511848
2020-04-05,"premium",17.3677962085308
2020-04-06,"premium",17.366682464455
2020-04-07,"premium",17.347654028436
2020-04-08,"premium",17.3397630331754
2020-04-09,"premium",17.324644549763
2020-04-10,"premium",17.2821800947867
2020-04-11,"premium",17.2610663507109
2020-04-12,"premium",17.2386018957346
2020-04-13,"premium",17.2350710900474
2020-04-14,"premium",17.2230805687204
2020-04-15,"premium",17.1894075829384
2020-04-16,"premium",17.1735071090047
2020-04-17,"premium",17.1530260047281
2020-04-18,"premium",17.1410638297872
2020-04-19,"premium",17.1329787234043
2020-04-20,"premium",17.132695035461
2020-04-21,"premium",17.1182269503546
2020-04-22,"premium",17.0962884160757
2020-04-23,"premium",17.0795508274232
2020-04-24,"premium",17.0222695035461
2020-04-25,"premium",16.9706146572104
2020-04-26,"premium",16.9730260047281
2020-04-27,"premium",16.9619621749409
2020-04-28,"premium",16.9544444444444
2020-04-29,"premium",16.9281796690307
2020-04-30,"premium",16.9265957446808
2020-05-01,"premium",16.9081796690307
2020-05-02,"premium",16.911914893617
2020-05-03,"premium",16.9410165484634
2020-05-04,"premium",16.9497163120567
2020-05-05,"premium",16.9531914893617
2020-05-06,"premium",16.9686524822695
2020-05-07,"premium",17.0432624113475
2020-05-08,"premium",17.2092671394799
2020-05-09,"premium",17.3711111111111
2020-05-10,"premium",17.4952009456265
2020-05-11,"premium",17.5145153664303
2020-05-12,"premium",17.5779905437352
2020-05-13,"premium",17.6819858156028
2020-05-14,"premium",17.7573286052009
2020-05-15,"premium",17.7903309692671
2020-05-16,"premium",17.7928841607565
2020-05-17,"premium",17.8224113475177
2020-05-18,"premium",17.8239952718676
2020-05-19,"premium",17.8397635933806
2020-05-20,"premium",17.8999054373522
2020-05-21,"premium",17.9936170212766
2020-05-22,"premium",18.1235933806147
2020-05-23,"premium",18.2203073286052
2020-05-24,"premium",18.2755555555556
2020-05-25,"premium",18.2813002364066
2020-05-26,"premium",18.2852245862884
2020-05-27,"premium",18.3067375886525
2020-05-29,"premium",18.331158392435
2020-05-30,"premium",18.3266666666667
2020-05-31,"premium",18.3340189125296
2020-06-01,"premium",18.3325295508274
2020-06-02,"premium",18.3386288416076
2020-06-03,"premium",18.3443262411348
2020-06-04,"premium",18.3527659574468
2020-06-05,"premium",18.3656501182033
2020-06-06,"premium",18.3758392434988
2020-06-07,"premium",18.3912529550827
2020-06-08,"premium",18.3936406619385
2020-06-09,"premium",18.4046572104019
2020-06-10,"premium",18.4849645390071
2020-06-11,"premium",18.5451300236407
2020-06-12,"premium",18.6031205673759
2020-06-13,"premium",18.6506146572104
2020-06-14,"premium",18.6676595744681
2020-06-15,"premium",18.6724586288416
2020-06-16,"premium",18.6829078014184
2020-06-17,"premium",18.6825059101655
2020-06-18,"premium",18.7133569739953
2020-06-19,"premium",18.7603309692671
2020-06-20,"premium",18.8020330969267
2020-06-21,"premium",18.9526713947991
2020-06-22,"premium",18.9746572104019
2020-06-23,"premium",19.021158392435
2020-06-24,"premium",19.1442789598109
2020-06-25,"premium",19.219621749409
2020-06-26,"premium",19.2981323877069
2020-06-27,"premium",19.3414657210402
2020-06-28,"premium",19.3574704491726
2020-06-29,"premium",19.3610426540284
2020-06-30,"premium",19.3731279620853
2020-07-01,"premium",19.3663744075829
2020-07-02,"premium",19.4062559241706
2020-07-03,"premium",19.4481279620853
2020-07-04,"premium",19.4716587677725
2020-07-05,"premium",19.5055687203791
2020-07-06,"premium",19.5117298578199
2020-07-07,"premium",19.5335781990521
2020-07-08,"premium",19.5689099526066
2020-07-09,"premium",19.5863981042654
2020-07-10,"premium",19.619691943128
2020-07-11,"premium",19.6677251184834
2020-07-12,"premium",19.7076303317536
2020-07-13,"premium",19.7110900473934
2020-07-14,"premium",19.7212085308057
2020-07-15,"premium",19.7413981042654
2020-07-16,"premium",19.7583886255924
2020-07-17,"premium",19.7634597156398
2020-07-18,"premium",19.7807582938389
2020-07-19,"premium",19.7806872037915
2020-07-20,"premium",19.7800473933649
2020-07-21,"premium",19.7799289099526
2020-07-22,"premium",19.757654028436
2020-07-23,"premium",19.7588388625592
2020-07-24,"premium",19.7699526066351
2020-07-25,"premium",19.7754976303318
2020-07-26,"premium",19.7700236966825
2020-07-27,"premium",19.7661611374408
2020-07-28,"premium",19.7669194312796
2020-07-29,"premium",19.7684123222749
2020-07-30,"premium",19.7614454976303
2020-07-31,"premium",19.7439573459716
2020-08-01,"premium",19.7308293838863
2020-08-02,"premium",19.7124881516588
2020-08-03,"premium",19.7060663507109
2020-08-04,"premium",19.7004265402844
2020-08-05,"premium",19.6714454976303
2020-08-06,"premium",19.6570142180095
2020-08-07,"premium",19.6533412322275
2020-08-08,"premium",19.6440758293839
2020-08-09,"premium",19.625971563981
2020-08-10,"premium",19.6227725118483
2020-08-11,"premium",19.6221563981043
2020-08-12,"premium",19.6082227488152
2020-08-13,"premium",19.5980568720379
2020-08-14,"premium",19.5902132701422
2020-08-15,"premium",19.5840521327014
2020-08-16,"premium",19.5771800947867
2020-08-17,"premium",19.573981042654
2020-08-18,"premium",19.5784834123223
2020-08-19,"premium",19.5754028436019
2020-08-20,"premium",19.5761137440758
2020-08-21,"premium",19.5812085308057
2020-08-22,"premium",19.5850236966825
2020-08-23,"premium",19.5972748815166
2020-08-24,"premium",19.5928672985782
2020-08-25,"premium",19.6087677725118
2020-08-26,"premium",19.6101421800948
2020-08-27,"premium",19.6639573459716
2020-08-28,"premium",19.7338625592417
2020-08-29,"premium",19.7579857819905
2020-08-30,"premium",19.7628909952607
2020-08-31,"premium",19.761990521327
2020-09-01,"premium",19.7647156398104
2020-09-02,"premium",19.7610663507109
2020-09-03,"premium",19.743672985782
2020-09-04,"premium",19.7332701421801
2020-09-05,"premium",19.725355450237
2020-09-06,"premium",19.7103317535545
2020-09-07,"premium",19.7006161137441
2020-09-08,"premium",19.6991706161137
2020-09-09,"premium",19.6629383886256
2020-09-10,"premium",19.6472037914692
2020-09-11,"premium",19.6395023696682
2020-09-12,"premium",19.6118720379147
2020-09-13,"premium",19.5566903073286
2020-09-14,"premium",19.5475886524823
2020-09-15,"premium",19.5327423167849
2020-09-16,"premium",19.4870685579196
2020-09-17,"premium",19.4491016548463
2020-09-18,"premium",19.4388179669031
2020-09-19,"premium",19.4085815602837
2020-09-20,"premium",19.3913947990544
2020-09-21,"premium",19.3940661938534
2020-09-22,"premium",19.4002364066194
2020-09-23,"premium",19.4068794326241
2020-09-24,"premium",19.4026004728132
2020-09-25,"premium",19.3965957446809
2020-09-26,"premium",19.3936170212766
2020-09-27,"premium",19.3933096926714
2020-09-28,"premium",19.3986288416076
2020-09-29,"premium",19.4206146572104
2020-09-30,"premium",19.4727659574468
2020-10-01,"premium",19.5517494089835
2020-10-02,"premium",19.5756264775414
2020-10-03,"premium",19.55536643026
2020-10-04,"premium",19.5553191489362
2020-10-05,"premium",19.5573522458629
2020-10-06,"premium",19.5673758865248
2020-10-07,"premium",19.54
2020-10-08,"premium",19.5270212765957
2020-10-09,"premium",19.5330969267139
2020-10-10,"premium",19.5340661938534
2020-10-11,"premium",19.5345153664303
2020-10-12,"premium",19.5345626477541
2020-10-13,"premium",19.5440898345154
2020-10-14,"premium",19.5313711583924
2020-10-15,"premium",19.5168321513002
2020-10-16,"premium",19.5098581560284
2020-10-17,"premium",19.4821040189125
2020-10-18,"premium",19.459621749409
2020-10-19,"premium",19.4567139479905
2020-10-20,"premium",19.4656398104265
2020-10-21,"premium",19.4456161137441
2020-10-22,"premium",19.3966113744076
2020-10-23,"premium",19.3898104265403
2020-10-24,"premium",19.346018957346
2020-10-25,"premium",19.3092654028436
2020-10-26,"premium",19.3018957345972
2020-10-27,"premium",19.3029620853081
2020-10-28,"premium",19.2593601895735
2020-10-29,"premium",19.2039336492891
2020-10-30,"premium",19.1650236966825
2020-10-31,"premium",19.1025355450237
2020-11-01,"premium",19.0585071090047
2020-11-02,"premium",19.0537203791469
2020-11-03,"premium",19.0395260663507
2020-11-04,"premium",18.980971563981
2020-11-05,"premium",18.9139099526066
2020-11-06,"premium",18.8776359338061
2020-11-07,"premium",18.8431442080378
2020-11-08,"premium",18.810401891253
2020-11-09,"premium",18.7954373522459
2020-11-10,"premium",18.7937825059102
2020-11-11,"premium",18.7589125295508
2020-11-12,"premium",18.7399054373522
2020-11-13,"premium",18.7373758865248
2020-11-14,"premium",18.713073286052
2020-11-15,"premium",18.7126477541371
2020-11-16,"premium",18.7058392434988
2020-11-17,"premium",18.7104964539007
2020-11-18,"premium",18.7003309692671
2020-11-19,"premium",18.6788179669031
2020-11-20,"premium",18.6711111111111
2020-11-21,"premium",18.6498817966903
2020-11-22,"premium",18.6346572104019
2020-11-23,"premium",18.6306382978723
2020-11-24,"premium",18.6287943262411
2020-11-25,"premium",18.6218912529551
2020-11-26,"premium",18.6225059101655
2020-11-27,"premium",18.6280141843972
2020-11-28,"premium",18.6401891252955
2020-11-29,"premium",18.663073286052
2020-11-30,"premium",18.6676595744681
2020-12-01,"premium",18.6823640661939
2020-12-02,"premium",18.6984397163121
2020-12-03,"premium",18.7125295508274
2020-12-04,"premium",18.7133569739953
2020-12-05,"premium",18.7030496453901
2020-12-06,"premium",18.6982505910165
2020-12-07,"premium",18.7008510638298
2020-12-08,"premium",18.7057919621749
2020-12-09,"premium",18.7059101654846
2020-12-10,"premium",18.7065011820331
2020-12-11,"premium",18.700378250591
2020-12-12,"premium",18.6954373522459
2020-12-13,"premium",18.7106619385343
2020-12-14,"premium",18.7197872340426
2020-12-15,"premium",18.7386761229314
2020-12-16,"premium",18.7617494089835
2020-12-18,"premium",18.7956028368794
2020-12-19,"premium",18.8081087470449
2020-12-20,"premium",18.8690780141844
2020-12-21,"premium",18.8839243498818
2020-12-22,"premium",18.9144680851064
2020-12-23,"premium",18.9652245862884
2020-12-24,"premium",18.9806619385343
2020-12-25,"premium",18.9916548463357
2020-12-26,"premium",18.9906382978723
2020-12-27,"premium",18.9942553191489
2020-12-28,"premium",18.9977541371158
2020-12-29,"premium",19.013451536643
2020-12-30,"premium",19.033475177305
2020-12-31,"premium",19.0406619385343
2021-01-01,"premium",19.0463356973995
2021-01-02,"premium",19.0781560283688
2021-01-03,"premium",19.0986997635934
2021-01-04,"premium",19.1018912529551
2021-01-05,"premium",19.1238770685579
2021-01-06,"premium",19.1866903073286
2021-01-07,"premium",19.203829787234
2021-01-08,"premium",19.273829787234
2021-01-09,"premium",19.3483451536643
2021-01-10,"premium",19.4124349881797
2021-01-11,"premium",19.438061465721
2021-01-12,"premium",19.4727423167849
2021-01-13,"premium",19.6171394799054
2021-01-14,"premium",19.753451536643
2021-01-15,"premium",19.8377304964539
2021-01-16,"premium",19.9175177304965
2021-01-17,"premium",19.9536879432624
2021-01-18,"premium",19.9581560283688
2021-01-19,"premium",19.9844680851064
2021-01-20,"premium",20.0135460992908
2021-01-21,"premium",20.0341134751773
2021-01-22,"premium",20.0492671394799
2021-01-23,"premium",20.0626241134752
2021-01-24,"premium",20.0764302600473
2021-01-25,"premium",20.079598108747
2021-01-26,"premium",20.0861938534279
2021-01-27,"premium",20.1110638297872
2021-01-28,"premium",20.151134751773
2021-01-29,"premium",20.1928605200946
2021-01-30,"premium",20.2271631205674
2021-01-31,"premium",20.2505673758865
2021-02-01,"premium",20.2564539007092
2021-02-02,"premium",20.2631503579952
2021-02-03,"premium",20.2688544152745
2021-02-04,"premium",20.3029594272076
2021-02-05,"premium",20.3335799522673
2021-02-06,"premium",20.3754415274463
2021-02-07,"premium",20.4124105011933
2021-02-08,"premium",20.4148687350835
2021-02-09,"premium",20.4374224343675
2021-02-10,"premium",20.4729594272076
2021-02-11,"premium",20.483
2021-02-12,"premium",20.5169523809524
2021-02-13,"premium",20.5429047619048
2021-02-14,"premium",20.562119047619
2021-02-15,"premium",20.5634523809524
2021-02-16,"premium",20.5712619047619
2021-02-17,"premium",20.587380952381
2021-02-18,"premium",20.5945476190476
2021-02-19,"premium",20.6838571428571
2021-02-20,"premium",20.8403333333333
2021-02-21,"premium",20.962880952381
2021-02-22,"premium",20.991619047619
2021-02-23,"premium",21.0580238095238
2021-02-24,"premium",21.194
2021-02-25,"premium",21.3507619047619
2021-02-26,"premium",21.4925714285714
2021-02-27,"premium",21.6185
2021-02-28,"premium",21.6807380952381
2021-03-01,"premium",21.7036666666667
2021-03-02,"premium",21.7494285714286
2021-03-03,"premium",21.8430952380952
2021-03-04,"premium",21.9145
2021-03-05,"premium",21.9714047619048
2021-03-06,"premium",21.993880952381
2021-03-07,"premium",22.0389047619048
2021-03-08,"premium",22.0478571428571
2021-03-09,"premium",22.0692142857143
2021-03-10,"premium",22.114619047619
2021-03-11,"premium",22.159619047619
2021-03-12,"premium",22.2146666666667
2021-03-13,"premium",22.2607619047619
2021-03-14,"premium",22.2904761904762
2021-03-15,"premium",22.2929761904762
2021-03-16,"premium",22.2948095238095
2021-03-17,"premium",22.308619047619
2021-03-18,"premium",22.3211428571429
2021-03-19,"premium",22.3315476190476
2021-03-21,"premium",22.3436428571429
2021-03-22,"premium",22.347619047619
2021-03-23,"premium",22.3516904761905
2021-03-24,"premium",22.3482857142857
2021-03-25,"premium",22.3512380952381
2021-03-26,"premium",22.3415
2021-03-27,"premium",22.3373095238095
2021-03-28,"premium",22.3304285714286
2021-03-29,"premium",22.3316904761905
2021-03-30,"premium",22.3415238095238
2021-03-31,"premium",22.3462380952381
2021-04-01,"premium",22.3521904761905
2021-04-02,"premium",22.354
2021-04-03,"premium",22.3511428571429
2021-04-05,"premium",22.3488333333333
2021-04-06,"premium",22.3540238095238
2021-04-07,"premium",22.3538333333333
2021-04-08,"premium",22.352
2021-04-09,"premium",22.3510714285714
2021-04-10,"premium",22.348
2021-04-11,"premium",22.3398333333333
2021-04-12,"premium",22.3392619047619
2021-04-13,"premium",22.3411666666667
2021-04-14,"premium",22.3350476190476
2021-04-15,"premium",22.3374047619048
2021-04-16,"premium",22.3394523809524
2021-04-17,"premium",22.3478095238095
2021-04-18,"premium",22.3541904761905
2021-04-19,"premium",22.3598095238095
2021-04-20,"premium",22.3612619047619
2021-04-21,"premium",22.3684523809524
2021-04-22,"premium",22.3790238095238
2021-04-23,"premium",22.3762142857143
2021-04-24,"premium",22.364880952381
2021-04-25,"premium",22.3562619047619
2021-04-26,"premium",22.3556666666667
2021-04-27,"premium",22.3557380952381
2021-04-28,"premium",22.3539285714286
2021-04-29,"premium",22.3492619047619
2021-04-30,"premium",22.3525714285714
2021-05-01,"premium",22.3608333333333
2021-05-02,"premium",22.363119047619
2021-05-03,"premium",22.3640714285714
2021-05-04,"premium",22.3700952380952
2021-05-05,"premium",22.3685
2021-05-06,"premium",22.3760952380952
2021-05-07,"premium",22.3814285714286
2021-05-08,"premium",22.3850476190476
2021-05-09,"premium",22.3854523809524
2021-05-10,"premium",22.3876666666667
2021-05-11,"premium",22.3956428571429
2021-05-12,"premium",22.4026666666667
2021-05-13,"premium",22.4033095238095
2021-05-14,"premium",22.4038571428571
2021-05-15,"premium",22.4107857142857
2021-05-16,"premium",22.4072142857143
2021-05-17,"premium",22.4068333333333
2021-05-18,"premium",22.4097142857143
2021-05-19,"premium",22.4094047619048
2021-05-20,"premium",22.4112619047619
2021-05-21,"premium",22.4148095238095
2021-05-22,"premium",22.4145
2021-05-23,"premium",22.4109047619048
2021-05-24,"premium",22.4122142857143
2021-05-25,"premium",22.4141666666667
2021-05-26,"premium",22.4173095238095
2021-05-27,"premium",22.4135
2021-05-28,"premium",22.413119047619
2021-05-29,"premium",22.4121666666667
2021-05-30,"premium",22.4141904761905
2021-05-31,"premium",22.413
2021-06-01,"premium",22.4160714285714
2021-06-02,"premium",22.4189047619048
2021-06-03,"premium",22.4226904761905
2021-06-04,"premium",22.4260476190476
2021-06-05,"premium",22.4286666666667
2021-06-06,"premium",22.4282380952381
2021-06-07,"premium",22.4269523809524
2021-06-08,"premium",22.4307380952381
2021-06-09,"premium",22.4355
2021-06-10,"premium",22.4409285714286
2021-06-11,"premium",22.4458333333333
2021-06-12,"premium",22.442619047619
2021-06-13,"premium",22.4391904761905
2021-06-14,"premium",22.4384761904762
2021-06-15,"premium",22.449
2021-06-16,"premium",22.4554285714286
2021-06-17,"premium",22.4518333333333
2021-06-18,"premium",22.4514523809524
2021-06-19,"premium",22.4601428571429
2021-06-20,"premium",22.4613571428571
2021-06-21,"premium",22.4613095238095
2021-06-22,"premium",22.4665
2021-06-23,"premium",22.4668095238095
2021-06-24,"premium",22.4687380952381
2021-06-25,"premium",22.4701428571429
2021-06-26,"premium",22.472619047619
2021-06-27,"premium",22.4680714285714
2021-06-28,"premium",22.4668257756563
2021-06-29,"premium",22.4688782816229
2021-06-30,"premium",22.4700238663484
2021-07-01,"premium",22.4634606205251
2021-07-02,"premium",22.4614081145585
2021-07-03,"premium",22.4498806682578
2021-07-04,"premium",22.4481145584726
2021-07-05,"premium",22.4530548926014
2021-07-06,"premium",22.4321241050119
2021-07-07,"premium",22.4324343675418
2021-07-08,"premium",22.4307398568019
2021-07-09,"premium",22.451861575179
2021-07-10,"premium",22.4512887828162
2021-07-11,"premium",22.4470167064439
2021-07-12,"premium",22.4470405727924
2021-07-13,"premium",22.4519570405728
2021-07-14,"premium",22.4644630071599
2021-07-15,"premium",22.4668496420048
2021-07-16,"premium",22.4672792362768
2021-07-17,"premium",22.4687589498807
2021-07-18,"premium",22.4658472553699
2021-07-19,"premium",22.4658233890215
2021-07-20,"premium",22.4703341288783
2021-07-21,"premium",22.4649642004773
2021-07-22,"premium",22.4635560859189
2021-07-23,"premium",22.4657756563246
2021-07-24,"premium",22.461169451074
2021-07-25,"premium",22.4655131264916
2021-07-26,"premium",22.4663961813842
2021-07-27,"premium",22.471646778043
2021-07-28,"premium",22.4800715990453
2021-07-29,"premium",22.4936276849642
2021-07-30,"premium",22.4986873508353
2021-07-31,"premium",22.5070644391408
2021-08-01,"premium",22.5126968973747
2021-08-02,"premium",22.5124105011933
2021-08-03,"premium",22.5194272076372
2021-08-04,"premium",22.5216706443914
2021-08-05,"premium",22.5169451073986
2021-08-06,"premium",22.5142720763723
2021-08-07,"premium",22.5169451073986
2021-08-08,"premium",22.5121479713604
2021-08-09,"premium",22.5121957040573
2021-08-10,"premium",22.5223866348449
2021-08-11,"premium",22.5267064439141
2021-08-12,"premium",22.5165632458234
2021-08-13,"premium",22.5240334128878
2021-08-14,"premium",22.5243675417661
2021-08-15,"premium",22.5250357995227
2021-08-16,"premium",22.526062052506
2021-08-17,"premium",22.5273747016706
2021-08-18,"premium",22.5281145584726
2021-08-19,"premium",22.5263245823389
2021-08-20,"premium",22.5283293556086
2021-08-21,"premium",22.5258472553699
2021-08-22,"premium",22.5236515513126
2021-08-23,"premium",22.52138424821
2021-08-24,"premium",22.5099045346062
2021-08-25,"premium",22.5099522673031
2021-08-26,"premium",22.503245823389
2021-08-27,"premium",22.5082816229117
2021-08-28,"premium",22.5158233890215
2021-08-29,"premium",22.5172553699284
2021-08-30,"premium",22.5184486873508
2021-08-31,"premium",22.5217899761337
2021-09-01,"premium",22.5262529832936
2021-09-02,"premium",22.533723150358
2021-09-03,"premium",22.5436754176611
2021-09-04,"premium",22.5484486873508
2021-09-05,"premium",22.5498090692124
2021-09-06,"premium",22.5497129186603
2021-09-07,"premium",22.5497374701671
2021-09-08,"premium",22.5534844868735
2021-09-09,"premium",22.5575417661098
2021-09-10,"premium",22.5565871121718
2021-09-11,"premium",22.5561813842482
2021-09-12,"premium",22.553508353222
2021-09-13,"premium",22.5540334128878
2021-09-14,"premium",22.5567780429594
2021-09-15,"premium",22.5536754176611
2021-09-16,"premium",22.5510739856802
2021-09-17,"premium",22.5540334128878
2021-09-18,"premium",22.5544630071599
2021-09-19,"premium",22.5531742243437
2021-09-20,"premium",22.5527446300716
2021-09-21,"premium",22.5419093078759
2021-09-22,"premium",22.5358233890215
2021-09-23,"premium",22.5309069212411
2021-09-24,"premium",22.5237947494033
2021-09-25,"premium",22.5222673031026
2021-09-26,"premium",22.5123866348449
2021-09-27,"premium",22.5105250596659
2021-09-28,"premium",22.5105011933174
2021-09-29,"premium",22.5066348448687
2021-09-30,"premium",22.498830548926
2021-10-01,"premium",22.4998806682578
2021-10-02,"premium",22.5004534606205
2021-10-03,"premium",22.4981145584726
2021-10-04,"premium",22.5000715990453
2021-10-05,"premium",22.5076372315036
2021-10-06,"premium",22.5236276849642
2021-10-07,"premium",22.5277326968974
2021-10-08,"premium",22.5351551312649
2021-10-09,"premium",22.5339618138425
2021-10-10,"premium",22.5338424821002
2021-10-11,"premium",22.536276849642
2021-10-12,"premium",22.5437708830549
2021-10-13,"premium",22.5465632458234
2021-10-14,"premium",22.5500477326969
2021-10-15,"premium",22.5537470167064
2021-10-16,"premium",22.5541288782816
2021-10-17,"premium",22.5514797136038
2021-10-18,"premium",22.5518377088305
2021-10-19,"premium",22.5573747016706
2021-10-20,"premium",22.5638902147971
2021-10-21,"premium",22.5661575178998
2021-10-22,"premium",22.5702386634845
2021-10-23,"premium",22.570477326969
2021-10-24,"premium",22.5620574162679
2021-10-25,"premium",22.5620574162679
2021-10-26,"premium",22.5653827751196
2021-10-27,"premium",22.5674162679426
2021-10-28,"premium",22.5702870813397
2021-10-29,"premium",22.5700956937799
2021-10-30,"premium",22.5746650717703
2021-10-31,"premium",22.5686124401914
2021-11-01,"premium",22.5664832535885
2021-11-02,"premium",22.5677751196172
2021-11-03,"premium",22.5684688995215
2021-11-04,"premium",22.5723205741627
2021-11-05,"premium",22.5719377990431
2021-11-06,"premium",22.5703349282297
2021-11-07,"premium",22.5631818181818
2021-11-08,"premium",22.5611004784689
2021-11-09,"premium",22.5626794258373
2021-11-10,"premium",22.555956937799
2021-11-11,"premium",22.5468660287081
2021-11-12,"premium",22.539019138756
2021-11-13,"premium",22.5188755980861
2021-11-14,"premium",22.5174401913876
2021-11-15,"premium",22.5194258373206
2021-11-16,"premium",22.5197368421053
2021-11-17,"premium",22.5402392344498
2021-11-18,"premium",22.5434449760766
2021-11-19,"premium",22.5665550239234
2021-11-20,"premium",22.5860526315789
2021-11-21,"premium",22.5865071770335
2021-11-22,"premium",22.5892583732057
2021-11-23,"premium",22.5938277511962
2021-11-24,"premium",22.5929425837321
2021-11-25,"premium",22.5914593301435
2021-11-26,"premium",22.6333971291866
2021-11-27,"premium",22.6798564593301
2021-11-28,"premium",22.7003349282297
2021-11-29,"premium",22.7003349282297
2021-11-30,"premium",22.7224401913876
2021-12-01,"premium",22.764043062201
2021-12-02,"premium",22.7554306220096
2021-12-03,"premium",22.7237320574163
2021-12-04,"premium",22.7043540669856
2021-12-05,"premium",22.6892822966507
2021-12-06,"premium",22.6772248803828
2021-12-07,"premium",22.6774641148325
2021-12-08,"premium",22.6647846889952
2021-12-09,"premium",22.662966507177
2021-12-10,"premium",22.6672727272727
2021-12-11,"premium",22.6666267942584
2021-12-12,"premium",22.6965071770335
2021-12-13,"premium",22.708971291866
2021-12-14,"premium",22.7391387559809
2021-12-15,"premium",22.7595933014354
2021-12-16,"premium",22.7731100478469
2021-12-17,"premium",22.7800956937799
2021-12-22,"premium",22.8441148325359
2021-12-23,"premium",22.8489473684211
2021-12-24,"premium",22.8569138755981
2021-12-25,"premium",22.8697129186603
2021-12-26,"premium",22.8827511961722
2021-12-27,"premium",22.8937320574163
2021-12-28,"premium",22.9142822966507
2021-12-29,"premium",22.9605741626794
2021-12-30,"premium",23.0065550239234
2021-12-31,"premium",23.0328468899522
2022-01-01,"premium",23.069043062201
2022-01-02,"premium",23.0817464114833
2022-01-03,"premium",23.0789234449761
2022-01-04,"premium",23.0913636363636
2022-01-05,"premium",23.1053827751196
2022-01-06,"premium",23.13495215311
2022-01-07,"premium",23.1462918660287
2022-01-08,"premium",23.1603110047847
2022-01-09,"premium",23.1672488038277
2022-01-10,"premium",23.1700956937799
2022-01-11,"premium",23.1656698564593
2022-01-12,"premium",23.1892583732057
2022-01-13,"premium",23.199976076555
2022-01-14,"premium",23.2126555023923
2022-01-15,"premium",23.2342344497608
2022-01-16,"premium",23.2332535885167
2022-01-17,"premium",23.2344736842105
2022-01-18,"premium",23.2379425837321
2022-01-19,"premium",23.246985645933
2022-01-20,"premium",23.2365789473684
2022-01-21,"premium",23.2430861244019
2022-01-22,"premium",23.2540669856459
2022-01-23,"premium",23.2567942583732
2022-01-24,"premium",23.2577990430622
2022-01-25,"premium",23.2657894736842
2022-01-26,"premium",23.2725358851675
2022-01-27,"premium",23.2763157894737
2022-01-28,"premium",23.2733732057416
2022-01-29,"premium",23.2812918660287
2022-01-30,"premium",23.2915071770335
2022-01-31,"premium",23.2948564593301
2022-02-01,"premium",23.3044497607656
2022-02-02,"premium",23.3048325358852
2019-05-03,"regular",20.729804400978
2019-05-06,"regular",20.728826405868
2019-05-07,"regular",20.734387254902
2019-05-08,"regular",20.7360539215686
2019-05-09,"regular",20.7332843137255
2019-05-10,"regular",20.7314460784314
2019-05-13,"regular",20.7349754901961
2019-05-14,"regular",20.7342892156863
2019-05-15,"regular",20.7359068627451
2019-05-16,"regular",20.7376470588235
2019-05-17,"regular",20.7380882352941
2019-05-20,"regular",20.7435135135135
2019-05-21,"regular",20.7430147058824
2019-05-22,"regular",20.7487530562347
2019-05-23,"regular",20.7534474327628
2019-05-24,"regular",20.7586063569682
2019-05-27,"regular",20.7582640586797
2019-05-28,"regular",20.7582640586797
2019-05-29,"regular",20.751760391198
2019-05-30,"regular",20.7469926650367
2019-05-31,"regular",20.7426161369193
2019-06-03,"regular",20.728630806846
2019-06-04,"regular",20.7247804878049
2019-06-06,"regular",20.7045278450363
2019-06-07,"regular",20.6627602905569
2019-06-10,"regular",20.6288377723971
2019-06-11,"regular",20.6239709443099
2019-06-12,"regular",20.6225423728814
2019-06-13,"regular",20.6093220338983
2019-06-14,"regular",20.5861835748792
2019-06-17,"regular",20.5484096385542
2019-06-18,"regular",20.5509352517986
2019-06-19,"regular",20.561175059952
2019-06-20,"regular",20.553995215311
2019-06-21,"regular",20.5450717703349
2019-06-24,"regular",20.5373508353222
2019-06-25,"regular",20.5384248210024
2019-06-26,"regular",20.5484486873508
2019-06-27,"regular",20.5661336515513
2019-06-28,"regular",20.5836515513126
2019-07-02,"regular",20.6019570405728
2019-07-04,"regular",20.6045107398568
2019-07-05,"regular",20.6061097852029
2019-07-08,"regular",20.6078520286396
2019-07-09,"regular",20.6052505966587
2019-07-10,"regular",20.6225059665871
2019-07-11,"regular",20.5934128878282
2019-07-12,"regular",20.5907159904535
2019-07-15,"regular",20.5871599045346
2019-07-16,"regular",20.5849642004773
2019-07-17,"regular",20.5863961813842
2019-07-18,"regular",20.5831742243437
2019-07-19,"regular",20.5834844868735
2019-07-22,"regular",20.579619047619
2019-07-23,"regular",20.5803325415677
2019-07-24,"regular",20.5795724465558
2019-07-25,"regular",20.5774821852732
2019-07-26,"regular",20.5766033254157
2019-07-29,"regular",20.5748456057007
2019-07-30,"regular",20.5755238095238
2019-07-31,"regular",20.558380952381
2019-08-01,"regular",20.5490952380952
2019-08-02,"regular",20.5404761904762
2019-08-05,"regular",20.5491469194313
2019-08-06,"regular",20.5547393364929
2019-08-07,"regular",20.5625118483412
2019-08-08,"regular",20.5501182033097
2019-08-09,"regular",20.5297399527187
2019-08-12,"regular",20.4924586288416
2019-08-13,"regular",20.4861229314421
2019-08-14,"regular",20.4606382978723
2019-08-15,"regular",20.4359101654846
2019-08-16,"regular",20.4123640661939
2019-08-19,"regular",20.3695271867612
2019-08-20,"regular",20.3694326241135
2019-08-21,"regular",20.3775650118203
2019-08-22,"regular",20.3617966903073
2019-08-23,"regular",20.3428368794326
2019-08-27,"regular",20.3429787234043
2019-08-28,"regular",20.3463356973995
2019-08-29,"regular",20.3543498817967
2019-08-30,"regular",20.3852245862884
2019-09-02,"regular",20.4326004728132
2019-09-03,"regular",20.4352718676123
2019-09-04,"regular",20.4317257683215
2019-09-05,"regular",20.4186761229314
2019-09-06,"regular",20.4158156028369
2019-09-09,"regular",20.3937588652482
2019-09-10,"regular",20.3898345153664
2019-09-11,"regular",20.3772104018913
2019-09-12,"regular",20.3792671394799
2019-09-13,"regular",20.3824056603774
2019-09-17,"regular",20.3968632075472
2019-09-18,"regular",20.3954952830189
2019-09-19,"regular",20.3775235849057
2019-09-20,"regular",20.3702594339623
2019-09-23,"regular",20.3754952830189
2019-09-24,"regular",20.3729716981132
2019-09-25,"regular",20.3845283018868
2019-09-26,"regular",20.3949528301887
2019-09-30,"regular",20.4114386792453
2019-10-01,"regular",20.4111320754717
2019-10-02,"regular",20.4155896226415
2019-10-03,"regular",20.412570754717
2019-10-04,"regular",20.4096698113208
2019-10-07,"regular",20.3961647058824
2019-10-08,"regular",20.3995518867925
2019-10-09,"regular",20.3916509433962
2019-10-21,"regular",20.3779716981132
2019-10-30,"regular",20.3425235849057
2019-11-01,"regular",20.3353301886792
2019-11-04,"regular",20.3425471698113
2019-11-05,"regular",20.3468632075472
2019-11-06,"regular",20.3570518867925
2019-11-07,"regular",20.3587264150943
2019-11-11,"regular",20.3590801886792
2019-11-13,"regular",20.3624235294118
2019-11-14,"regular",20.3590588235294
2019-11-19,"regular",20.3568470588235
2019-11-20,"regular",20.3590588235294
2019-11-26,"regular",20.3799531615925
2019-11-27,"regular",20.393700234192
2019-11-28,"regular",20.4040983606557
2019-11-29,"regular",20.4437470725995
2019-12-02,"regular",20.4769789227166
2019-12-03,"regular",20.4898594847775
2019-12-04,"regular",20.4995081967213
2019-12-05,"regular",20.499718969555
2019-12-09,"regular",20.4765573770492
2019-12-11,"regular",20.4730444964871
2019-12-12,"regular",20.465831381733
2019-12-13,"regular",20.4574473067916
2019-12-16,"regular",20.4277985948478
2019-12-17,"regular",20.4352693208431
2019-12-18,"regular",20.4473536299766
2019-12-19,"regular",20.4450351288056
2019-12-20,"regular",20.467681498829
2020-01-08,"regular",20.6144964871194
2020-01-09,"regular",20.6059016393443
2020-01-10,"regular",20.6028805620609
2020-01-13,"regular",20.5740515222482
2020-01-14,"regular",20.5806557377049
2020-01-15,"regular",20.5811007025761
2020-01-16,"regular",20.5694379391101
2020-01-17,"regular",20.565831381733
2020-01-20,"regular",20.5374473067916
2020-01-21,"regular",20.5513348946136
2020-01-22,"regular",20.5631615925059
2020-01-23,"regular",20.5655503512881
2020-01-24,"regular",20.565737704918
2020-01-27,"regular",20.5599297423888
2020-01-28,"regular",20.5767681498829
2020-01-30,"regular",20.5551053864169
2020-01-31,"regular",20.5453629976581
2020-02-04,"regular",20.497546728972
2020-02-05,"regular",20.4864485981308
2020-02-10,"regular",20.3901398601399
2020-02-11,"regular",20.3868925233645
2020-02-13,"regular",20.3873130841122
2020-02-17,"regular",20.3935280373832
2020-02-18,"regular",20.4034265734266
2020-02-19,"regular",20.410303030303
2020-02-20,"regular",20.4089976689977
2020-02-21,"regular",20.4145221445221
2020-02-24,"regular",20.4511888111888
2020-02-25,"regular",20.4603496503496
2020-02-26,"regular",20.4664801864802
2020-02-27,"regular",20.4816317016317
2020-02-28,"regular",20.4822144522145
2020-03-02,"regular",20.4121212121212
2020-03-03,"regular",20.4165501165501
2020-03-04,"regular",20.3938694638695
2020-03-05,"regular",20.3888578088578
2020-03-06,"regular",20.3900233100233
2020-03-09,"regular",20.3654312354312
2020-03-10,"regular",20.3721212121212
2020-03-11,"regular",20.3446853146853
2020-03-12,"regular",20.2557342657343
2020-03-13,"regular",20.1606526806527
2020-03-17,"regular",19.6773193473193
2020-03-18,"regular",19.5453846153846
2020-03-19,"regular",19.1986247086247
2020-03-20,"regular",18.9538565022422
2020-03-21,"regular",18.0422197309417
2020-03-22,"regular",18.0338927738928
2020-03-23,"regular",17.9671794871795
2020-03-24,"regular",17.8245454545455
2020-03-25,"regular",17.5902097902098
2020-03-26,"regular",17.1420979020979
2020-03-27,"regular",17.0117715617716
2020-03-28,"regular",16.8726107226107
2020-03-29,"regular",16.6668997668998
2020-03-30,"regular",16.6076923076923
2020-03-31,"regular",16.4751515151515
2020-04-01,"regular",16.2931934731935
2020-04-02,"regular",16.2010722610723
2020-04-03,"regular",16.117296037296
2020-04-04,"regular",16.0175058275058
2020-04-05,"regular",15.964965034965
2020-04-06,"regular",15.9622377622378
2020-04-07,"regular",15.9289976689977
2020-04-08,"regular",15.9461305361305
2020-04-09,"regular",15.9412354312354
2020-04-10,"regular",15.8998601398601
2020-04-11,"regular",15.8635664335664
2020-04-12,"regular",15.845034965035
2020-04-13,"regular",15.8421911421911
2020-04-14,"regular",15.84337995338
2020-04-15,"regular",15.7947086247086
2020-04-16,"regular",15.7844055944056
2020-04-17,"regular",15.7890930232558
2020-04-18,"regular",15.7916976744186
2020-04-19,"regular",15.8052093023256
2020-04-20,"regular",15.8084418604651
2020-04-21,"regular",15.8074186046512
2020-04-22,"regular",15.781
2020-04-23,"regular",15.7697209302326
2020-04-24,"regular",15.7191860465116
2020-04-25,"regular",15.6986046511628
2020-04-26,"regular",15.6978837209302
2020-04-27,"regular",15.6913953488372
2020-04-28,"regular",15.6889534883721
2020-04-29,"regular",15.6836511627907
2020-04-30,"regular",15.6908604651163
2020-05-01,"regular",15.6935581395349
2020-05-02,"regular",15.7286046511628
2020-05-03,"regular",15.7687209302326
2020-05-04,"regular",15.7906511627907
2020-05-05,"regular",15.8184186046512
2020-05-06,"regular",15.8687674418605
2020-05-07,"regular",15.9730465116279
2020-05-08,"regular",16.2357441860465
2020-05-09,"regular",16.4432093023256
2020-05-10,"regular",16.6279069767442
2020-05-11,"regular",16.6516744186046
2020-05-12,"regular",16.7368372093023
2020-05-13,"regular",16.8856046511628
2020-05-14,"regular",16.9906976744186
2020-05-15,"regular",17.0254418604651
2020-05-16,"regular",17.0383023255814
2020-05-17,"regular",17.0794651162791
2020-05-18,"regular",17.0838837209302
2020-05-19,"regular",17.1025348837209
2020-05-20,"regular",17.1923488372093
2020-05-21,"regular",17.2954418604651
2020-05-22,"regular",17.4511162790698
2020-05-23,"regular",17.5493488372093
2020-05-24,"regular",17.6181162790698
2020-05-25,"regular",17.626
2020-05-26,"regular",17.6453953488372
2020-05-27,"regular",17.6821627906977
2020-05-29,"regular",17.7147441860465
2020-05-30,"regular",17.7092790697674
2020-05-31,"regular",17.7147906976744
2020-06-01,"regular",17.7123255813953
2020-06-02,"regular",17.7223023255814
2020-06-03,"regular",17.7287209302326
2020-06-04,"regular",17.7358139534884
2020-06-05,"regular",17.7556744186047
2020-06-06,"regular",17.7662558139535
2020-06-07,"regular",17.7848139534884
2020-06-08,"regular",17.7898837209302
2020-06-09,"regular",17.8040465116279
2020-06-10,"regular",17.8931162790698
2020-06-11,"regular",17.9648837209302
2020-06-12,"regular",18.0347906976744
2020-06-13,"regular",18.0998604651163
2020-06-14,"regular",18.1224651162791
2020-06-15,"regular",18.1202093023256
2020-06-16,"regular",18.1293255813953
2020-06-17,"regular",18.1290930232558
2020-06-18,"regular",18.1633023255814
2020-06-19,"regular",18.2199534883721
2020-06-20,"regular",18.2734186046512
2020-06-21,"regular",18.4282325581395
2020-06-22,"regular",18.4506046511628
2020-06-23,"regular",18.5002093023256
2020-06-24,"regular",18.6330930232558
2020-06-25,"regular",18.7232325581395
2020-06-26,"regular",18.8241627906977
2020-06-27,"regular",18.8812093023256
2020-06-28,"regular",18.8985581395349
2020-06-29,"regular",18.8982051282051
2020-06-30,"regular",18.9150582750583
2020-07-01,"regular",18.9086013986014
2020-07-02,"regular",18.9604662004662
2020-07-03,"regular",19.0303962703963
2020-07-04,"regular",19.0664335664336
2020-07-05,"regular",19.1090442890443
2020-07-06,"regular",19.1149883449883
2020-07-07,"regular",19.1400233100233
2020-07-08,"regular",19.1785547785548
2020-07-09,"regular",19.2041724941725
2020-07-10,"regular",19.2369230769231
2020-07-11,"regular",19.2973193473193
2020-07-12,"regular",19.340675990676
2020-07-13,"regular",19.3438461538462
2020-07-14,"regular",19.3564568764569
2020-07-15,"regular",19.3768298368298
2020-07-16,"regular",19.3976456876457
2020-07-17,"regular",19.4015850815851
2020-07-18,"regular",19.4193939393939
2020-07-19,"regular",19.4191142191142
2020-07-20,"regular",19.4170862470862
2020-07-21,"regular",19.4224242424242
2020-07-22,"regular",19.3993006993007
2020-07-23,"regular",19.3935431235431
2020-07-24,"regular",19.405710955711
2020-07-25,"regular",19.410675990676
2020-07-26,"regular",19.4086247086247
2020-07-27,"regular",19.4004195804196
2020-07-28,"regular",19.4071561771562
2020-07-29,"regular",19.4052214452214
2020-07-30,"regular",19.3984382284382
2020-07-31,"regular",19.381958041958
2020-08-01,"regular",19.3587412587413
2020-08-02,"regular",19.3289277389277
2020-08-03,"regular",19.3141491841492
2020-08-04,"regular",19.3124242424242
2020-08-05,"regular",19.2795337995338
2020-08-06,"regular",19.2584848484848
2020-08-07,"regular",19.2532634032634
2020-08-08,"regular",19.2384848484848
2020-08-09,"regular",19.2217249417249
2020-08-10,"regular",19.209324009324
2020-08-11,"regular",19.2167132867133
2020-08-12,"regular",19.2069463869464
2020-08-13,"regular",19.1962703962704
2020-08-14,"regular",19.1882051282051
2020-08-15,"regular",19.1801631701632
2020-08-16,"regular",19.171351981352
2020-08-17,"regular",19.1638228438228
2020-08-18,"regular",19.1726806526807
2020-08-19,"regular",19.1660372960373
2020-08-20,"regular",19.1637062937063
2020-08-21,"regular",19.1723543123543
2020-08-22,"regular",19.1700466200466
2020-08-23,"regular",19.1849883449883
2020-08-24,"regular",19.1786247086247
2020-08-25,"regular",19.1907226107226
2020-08-26,"regular",19.1932167832168
2020-08-27,"regular",19.2505827505828
2020-08-28,"regular",19.3115384615385
2020-08-29,"regular",19.3609324009324
2020-08-30,"regular",19.3626806526807
2020-08-31,"regular",19.3573426573427
2020-09-01,"regular",19.3586013986014
2020-09-02,"regular",19.3541958041958
2020-09-03,"regular",19.336013986014
2020-09-04,"regular",19.3238694638695
2020-09-05,"regular",19.3121911421911
2020-09-06,"regular",19.2927272727273
2020-09-07,"regular",19.278344988345
2020-09-08,"regular",19.285337995338
2020-09-09,"regular",19.2644522144522
2020-09-10,"regular",19.2382983682984
2020-09-11,"regular",19.203682983683
2020-09-12,"regular",19.1662004662005
2020-09-13,"regular",19.0967906976744
2020-09-14,"regular",19.0786046511628
2020-09-15,"regular",19.0659302325581
2020-09-16,"regular",19.0137441860465
2020-09-17,"regular",18.9695348837209
2020-09-18,"regular",18.9622790697674
2020-09-19,"regular",18.9264186046512
2020-09-20,"regular",18.9137674418605
2020-09-21,"regular",18.913976744186
2020-09-22,"regular",18.9296511627907
2020-09-23,"regular",18.9391162790698
2020-09-24,"regular",18.9270697674419
2020-09-25,"regular",18.9185813953488
2020-09-26,"regular",18.9100465116279
2020-09-27,"regular",18.9147441860465
2020-09-28,"regular",18.9135813953488
2020-09-29,"regular",18.9412093023256
2020-09-30,"regular",18.9987441860465
2020-10-01,"regular",19.1095348837209
2020-10-02,"regular",19.1419534883721
2020-10-03,"regular",19.1214651162791
2020-10-04,"regular",19.1151395348837
2020-10-05,"regular",19.1091860465116
2020-10-06,"regular",19.1122325581395
2020-10-07,"regular",19.0686046511628
2020-10-08,"regular",19.0537906976744
2020-10-09,"regular",19.0576744186047
2020-10-10,"regular",19.0556744186046
2020-10-11,"regular",19.0535348837209
2020-10-12,"regular",19.054023255814
2020-10-13,"regular",19.0589534883721
2020-10-14,"regular",19.0376046511628
2020-10-15,"regular",19.0188604651163
2020-10-16,"regular",18.9989302325581
2020-10-17,"regular",18.9676744186047
2020-10-18,"regular",18.9411860465116
2020-10-19,"regular",18.935023255814
2020-10-20,"regular",18.9361395348837
2020-10-21,"regular",18.8982790697674
2020-10-22,"regular",18.8630930232558
2020-10-23,"regular",18.8213255813953
2020-10-24,"regular",18.766976744186
2020-10-25,"regular",18.7252093023256
2020-10-26,"regular",18.7114651162791
2020-10-27,"regular",18.7096279069767
2020-10-28,"regular",18.6481860465116
2020-10-29,"regular",18.5647674418605
2020-10-30,"regular",18.5213255813953
2020-10-31,"regular",18.4588837209302
2020-11-01,"regular",18.3887674418605
2020-11-02,"regular",18.3794186046512
2020-11-03,"regular",18.3546046511628
2020-11-04,"regular",18.277488372093
2020-11-05,"regular",18.215023255814
2020-11-06,"regular",18.1740697674419
2020-11-07,"regular",18.1483488372093
2020-11-08,"regular",18.1163953488372
2020-11-09,"regular",18.1007674418605
2020-11-10,"regular",18.0975581395349
2020-11-11,"regular",18.0522093023256
2020-11-12,"regular",18.0293720930233
2020-11-13,"regular",18.0296744186046
2020-11-14,"regular",18.0201395348837
2020-11-15,"regular",18.0096511627907
2020-11-16,"regular",18.0039302325581
2020-11-17,"regular",18.001511627907
2020-11-18,"regular",17.991976744186
2020-11-19,"regular",17.9683953488372
2020-11-20,"regular",17.9502790697674
2020-11-21,"regular",17.9215813953488
2020-11-22,"regular",17.9112093023256
2020-11-23,"regular",17.9050930232558
2020-11-24,"regular",17.9033023255814
2020-11-25,"regular",17.8880930232558
2020-11-26,"regular",17.891
2020-11-27,"regular",17.9081860465116
2020-11-28,"regular",17.9480930232558
2020-11-29,"regular",17.9817209302326
2020-11-30,"regular",17.983976744186
2020-12-01,"regular",18.0051627906977
2020-12-02,"regular",18.0281162790698
2020-12-03,"regular",18.0466511627907
2020-12-04,"regular",18.046976744186
2020-12-05,"regular",18.038976744186
2020-12-06,"regular",18.0327674418605
2020-12-07,"regular",18.0336279069767
2020-12-08,"regular",18.0443488372093
2020-12-09,"regular",18.0512790697674
2020-12-10,"regular",18.0502325581395
2020-12-11,"regular",18.0436279069767
2020-12-12,"regular",18.0418604651163
2020-12-13,"regular",18.0727441860465
2020-12-14,"regular",18.0684651162791
2020-12-15,"regular",18.0908372093023
2020-12-16,"regular",18.1348604651163
2020-12-18,"regular",18.1858372093023
2020-12-19,"regular",18.2092093023256
2020-12-20,"regular",18.2727441860465
2020-12-21,"regular",18.2832325581395
2020-12-22,"regular",18.3142790697674
2020-12-23,"regular",18.3821627906977
2020-12-24,"regular",18.4039302325581
2020-12-25,"regular",18.4224418604651
2020-12-26,"regular",18.4256279069767
2020-12-27,"regular",18.4306976744186
2020-12-28,"regular",18.4319069767442
2020-12-29,"regular",18.4442325581395
2020-12-30,"regular",18.4646279069767
2020-12-31,"regular",18.4669302325581
2021-01-01,"regular",18.4793255813953
2021-01-02,"regular",18.5181395348837
2021-01-03,"regular",18.5474186046512
2021-01-04,"regular",18.5550465116279
2021-01-05,"regular",18.5766511627907
2021-01-06,"regular",18.6452325581395
2021-01-07,"regular",18.6676279069767
2021-01-08,"regular",18.7529534883721
2021-01-09,"regular",18.8342790697674
2021-01-10,"regular",18.9013720930233
2021-01-11,"regular",18.9158837209302
2021-01-12,"regular",18.9511627906977
2021-01-13,"regular",19.1034186046512
2021-01-14,"regular",19.2322790697674
2021-01-15,"regular",19.3328837209302
2021-01-16,"regular",19.415
2021-01-17,"regular",19.470488372093
2021-01-18,"regular",19.4716279069767
2021-01-19,"regular",19.4951395348837
2021-01-20,"regular",19.5192558139535
2021-01-21,"regular",19.5395581395349
2021-01-22,"regular",19.5477441860465
2021-01-23,"regular",19.5623023255814
2021-01-24,"regular",19.5738372093023
2021-01-25,"regular",19.5766511627907
2021-01-26,"regular",19.578976744186
2021-01-27,"regular",19.6014418604651
2021-01-28,"regular",19.632
2021-01-29,"regular",19.6704186046512
2021-01-30,"regular",19.7055813953488
2021-01-31,"regular",19.7270697674419
2021-02-01,"regular",19.7341860465116
2021-02-02,"regular",19.7376525821596
2021-02-03,"regular",19.7556572769953
2021-02-04,"regular",19.7755868544601
2021-02-05,"regular",19.802676056338
2021-02-06,"regular",19.8343896713615
2021-02-07,"regular",19.8717840375587
2021-02-08,"regular",19.8731455399061
2021-02-09,"regular",19.8986854460094
2021-02-10,"regular",19.9304225352113
2021-02-11,"regular",19.9428103044496
2021-02-12,"regular",19.9657845433255
2021-02-13,"regular",19.9879859484778
2021-02-14,"regular",19.9937236533958
2021-02-15,"regular",19.9951522248244
2021-02-16,"regular",20.0057845433255
2021-02-17,"regular",20.0166276346604
2021-02-18,"regular",20.0363700234192
2021-02-19,"regular",20.0810538641686
2021-02-20,"regular",20.1271896955503
2021-02-21,"regular",20.1584777517564
2021-02-22,"regular",20.1695550351288
2021-02-23,"regular",20.1910304449649
2021-02-24,"regular",20.2336768149883
2021-02-25,"regular",20.2709601873536
2021-02-26,"regular",20.3054566744731
2021-02-27,"regular",20.3334507042254
2021-02-28,"regular",20.361338028169
2021-03-01,"regular",20.3724355971897
2021-03-02,"regular",20.3784074941452
2021-03-03,"regular",20.4174473067916
2021-03-04,"regular",20.4482669789227
2021-03-05,"regular",20.4885948477752
2021-03-06,"regular",20.5053629976581
2021-03-07,"regular",20.5175409836066
2021-03-08,"regular",20.520093676815
2021-03-09,"regular",20.537587822014
2021-03-10,"regular",20.5665339578454
2021-03-11,"regular",20.5995550351288
2021-03-12,"regular",20.6428571428571
2021-03-13,"regular",20.6732084309133
2021-03-14,"regular",20.6827634660422
2021-03-15,"regular",20.6845433255269
2021-03-16,"regular",20.6893676814988
2021-03-17,"regular",20.6955737704918
2021-03-18,"regular",20.6926229508197
2021-03-19,"regular",20.693700234192
2021-03-21,"regular",20.6685011709602
2021-03-22,"regular",20.6674707259953
2021-03-23,"regular",20.6682201405152
2021-03-24,"regular",20.6514519906323
2021-03-25,"regular",20.6466276346604
2021-03-26,"regular",20.640093676815
2021-03-27,"regular",20.6319906323185
2021-03-28,"regular",20.6217330210773
2021-03-29,"regular",20.6209601873536
2021-03-30,"regular",20.6284074941452
2021-03-31,"regular",20.6280327868852
2021-04-01,"regular",20.6334192037471
2021-04-02,"regular",20.6491334894614
2021-04-03,"regular",20.6433021077283
2021-04-05,"regular",20.646393442623
2021-04-06,"regular",20.6524355971897
2021-04-07,"regular",20.6520140515222
2021-04-08,"regular",20.6523653395785
2021-04-09,"regular",20.648243559719
2021-04-10,"regular",20.6390398126464
2021-04-11,"regular",20.6159953161592
2021-04-12,"regular",20.6148711943794
2021-04-13,"regular",20.6164871194379
2021-04-14,"regular",20.5999765807963
2021-04-15,"regular",20.5887822014052
2021-04-16,"regular",20.5747072599532
2021-04-17,"regular",20.5763466042155
2021-04-18,"regular",20.5810070257611
2021-04-19,"regular",20.5848477751756
2021-04-20,"regular",20.5915925058548
2021-04-21,"regular",20.5975175644028
2021-04-22,"regular",20.6018735362998
2021-04-23,"regular",20.5989929742389
2021-04-24,"regular",20.5755971896956
2021-04-25,"regular",20.5674238875878
2021-04-26,"regular",20.5676580796253
2021-04-27,"regular",20.5766510538642
2021-04-28,"regular",20.5584543325527
2021-04-29,"regular",20.5536768149883
2021-04-30,"regular",20.5549648711944
2021-05-01,"regular",20.5678454332553
2021-05-02,"regular",20.5696721311475
2021-05-03,"regular",20.5686651053864
2021-05-04,"regular",20.5777049180328
2021-05-05,"regular",20.583606557377
2021-05-06,"regular",20.5913114754098
2021-05-07,"regular",20.5984309133489
2021-05-08,"regular",20.6007962529274
2021-05-09,"regular",20.597962529274
2021-05-10,"regular",20.5973536299766
2021-05-11,"regular",20.6056206088993
2021-05-12,"regular",20.6044964871194
2021-05-13,"regular",20.6054098360656
2021-05-14,"regular",20.6049648711944
2021-05-15,"regular",20.6037470725995
2021-05-16,"regular",20.596112412178
2021-05-17,"regular",20.5962295081967
2021-05-18,"regular",20.6028805620609
2021-05-19,"regular",20.5939110070258
2021-05-20,"regular",20.5925292740047
2021-05-21,"regular",20.5922716627635
2021-05-22,"regular",20.5887353629977
2021-05-23,"regular",20.5687822014052
2021-05-24,"regular",20.5648009367682
2021-05-25,"regular",20.5604918032787
2021-05-26,"regular",20.544355971897
2021-05-27,"regular",20.5383138173302
2021-05-28,"regular",20.533887587822
2021-05-29,"regular",20.5328805620609
2021-05-30,"regular",20.5381733021077
2021-05-31,"regular",20.5394613583138
2021-06-01,"regular",20.5493911007026
2021-06-02,"regular",20.5597658079625
2021-06-03,"regular",20.5616159250585
2021-06-04,"regular",20.570281030445
2021-06-05,"regular",20.5716393442623
2021-06-06,"regular",20.5604683840749
2021-06-07,"regular",20.5547540983607
2021-06-08,"regular",20.5611241217799
2021-06-09,"regular",20.5668384074941
2021-06-10,"regular",20.5682903981265
2021-06-11,"regular",20.5731850117096
2021-06-12,"regular",20.5703044496487
2021-06-13,"regular",20.5655737704918
2021-06-14,"regular",20.5611007025761
2021-06-15,"regular",20.5666510538642
2021-06-16,"regular",20.563981264637
2021-06-17,"regular",20.5647540983607
2021-06-18,"regular",20.5616393442623
2021-06-19,"regular",20.5629274004684
2021-06-20,"regular",20.5555035128806
2021-06-21,"regular",20.5553629976581
2021-06-22,"regular",20.5585011709602
2021-06-23,"regular",20.5641920374707
2021-06-24,"regular",20.5672833723653
2021-06-25,"regular",20.5646370023419
2021-06-26,"regular",20.5597658079625
2021-06-27,"regular",20.5538407494145
2021-06-28,"regular",20.552676056338
2021-06-29,"regular",20.5514319248826
2021-06-30,"regular",20.5416666666667
2021-07-01,"regular",20.5306103286385
2021-07-02,"regular",20.5015727699531
2021-07-03,"regular",20.4983802816901
2021-07-04,"regular",20.4943427230047
2021-07-05,"regular",20.4964788732394
2021-07-06,"regular",20.4945539906103
2021-07-07,"regular",20.4934037558685
2021-07-08,"regular",20.4809389671362
2021-07-09,"regular",20.4821596244131
2021-07-10,"regular",20.4716197183099
2021-07-11,"regular",20.4597417840376
2021-07-12,"regular",20.4586384976526
2021-07-13,"regular",20.4538497652582
2021-07-14,"regular",20.4557981220657
2021-07-15,"regular",20.4508450704225
2021-07-16,"regular",20.4477464788732
2021-07-17,"regular",20.4480985915493
2021-07-18,"regular",20.4429577464789
2021-07-19,"regular",20.4420657276995
2021-07-20,"regular",20.4457511737089
2021-07-21,"regular",20.4366901408451
2021-07-22,"regular",20.4277699530516
2021-07-23,"regular",20.4128403755869
2021-07-24,"regular",20.4157981220657
2021-07-25,"regular",20.4187323943662
2021-07-26,"regular",20.4266666666667
2021-07-27,"regular",20.4388028169014
2021-07-28,"regular",20.4623708920188
2021-07-29,"regular",20.476103286385
2021-07-30,"regular",20.4801877934272
2021-07-31,"regular",20.4933098591549
2021-08-01,"regular",20.5027464788732
2021-08-02,"regular",20.4999530516432
2021-08-03,"regular",20.5105399061033
2021-08-04,"regular",20.5163849765258
2021-08-05,"regular",20.5180985915493
2021-08-06,"regular",20.5185211267606
2021-08-07,"regular",20.5147183098592
2021-08-08,"regular",20.5046244131455
2021-08-09,"regular",20.5033333333333
2021-08-10,"regular",20.5031455399061
2021-08-11,"regular",20.4988732394366
2021-08-12,"regular",20.4885915492958
2021-08-13,"regular",20.4789671361502
2021-08-14,"regular",20.4727230046948
2021-08-15,"regular",20.4641549295775
2021-08-16,"regular",20.4632863849765
2021-08-17,"regular",20.4586150234742
2021-08-18,"regular",20.4415492957746
2021-08-19,"regular",20.4237323943662
2021-08-20,"regular",20.3821361502347
2021-08-21,"regular",20.3485680751174
2021-08-22,"regular",20.318896713615
2021-08-23,"regular",20.3139436619718
2021-08-24,"regular",20.2953051643192
2021-08-25,"regular",20.2717605633803
2021-08-26,"regular",20.2603755868545
2021-08-27,"regular",20.2767840375587
2021-08-28,"regular",20.3021830985915
2021-08-29,"regular",20.3155868544601
2021-08-30,"regular",20.316103286385
2021-08-31,"regular",20.3367370892019
2021-09-01,"regular",20.3667136150235
2021-09-02,"regular",20.3973943661972
2021-09-03,"regular",20.4171830985916
2021-09-04,"regular",20.4294366197183
2021-09-05,"regular",20.4375117370892
2021-09-06,"regular",20.4381690140845
2021-09-07,"regular",20.4402582159624
2021-09-08,"regular",20.4425352112676
2021-09-09,"regular",20.4328169014085
2021-09-10,"regular",20.4193896713615
2021-09-11,"regular",20.4078169014084
2021-09-12,"regular",20.389882629108
2021-09-13,"regular",20.3821596244131
2021-09-14,"regular",20.3753051643192
2021-09-15,"regular",20.3646713615023
2021-09-16,"regular",20.3592253521127
2021-09-17,"regular",20.3582394366197
2021-09-18,"regular",20.3543192488263
2021-09-19,"regular",20.3443192488263
2021-09-20,"regular",20.3408450704225
2021-09-21,"regular",20.3342018779343
2021-09-22,"regular",20.3041549295775
2021-09-23,"regular",20.27720657277
2021-09-24,"regular",20.2293427230047
2021-09-25,"regular",20.1993427230047
2021-09-26,"regular",20.1863145539906
2021-09-27,"regular",20.1801643192488
2021-09-28,"regular",20.1887558685446
2021-09-29,"regular",20.1799061032864
2021-09-30,"regular",20.1739436619718
2021-10-01,"regular",20.1762910798122
2021-10-02,"regular",20.1817840375587
2021-10-03,"regular",20.1883098591549
2021-10-04,"regular",20.1888262910798
2021-10-05,"regular",20.2008450704225
2021-10-06,"regular",20.2317136150235
2021-10-07,"regular",20.2590375586854
2021-10-08,"regular",20.2759389671361
2021-10-09,"regular",20.2814084507042
2021-10-10,"regular",20.2879107981221
2021-10-11,"regular",20.2857746478873
2021-10-12,"regular",20.2992723004695
2021-10-13,"regular",20.3100704225352
2021-10-14,"regular",20.3185680751174
2021-10-15,"regular",20.3196009389671
2021-10-16,"regular",20.3211502347418
2021-10-17,"regular",20.3218309859155
2021-10-18,"regular",20.3164319248826
2021-10-19,"regular",20.3328169014084
2021-10-20,"regular",20.3513145539906
2021-10-21,"regular",20.356455399061
2021-10-22,"regular",20.3560093896714
2021-10-23,"regular",20.3539436619718
2021-10-24,"regular",20.3433882352941
2021-10-25,"regular",20.3351294117647
2021-10-26,"regular",20.3430117647059
2021-10-27,"regular",20.3361882352941
2021-10-28,"regular",20.3326823529412
2021-10-29,"regular",20.3303764705882
2021-10-30,"regular",20.3144235294118
2021-10-31,"regular",20.2974352941176
2021-11-01,"regular",20.2902117647059
2021-11-02,"regular",20.3056235294118
2021-11-03,"regular",20.2993176470588
2021-11-04,"regular",20.3020235294118
2021-11-05,"regular",20.3023294117647
2021-11-06,"regular",20.3009647058824
2021-11-07,"regular",20.2834352941176
2021-11-08,"regular",20.2711294117647
2021-11-09,"regular",20.2744941176471
2021-11-10,"regular",20.2566823529412
2021-11-11,"regular",20.2300941176471
2021-11-12,"regular",20.2127764705882
2021-11-13,"regular",20.1903529411765
2021-11-14,"regular",20.1888705882353
2021-11-15,"regular",20.1897647058824
2021-11-16,"regular",20.2034823529412
2021-11-17,"regular",20.2238823529412
2021-11-18,"regular",20.2388
2021-11-19,"regular",20.2587058823529
2021-11-20,"regular",20.2789411764706
2021-11-21,"regular",20.2741411764706
2021-11-22,"regular",20.2716
2021-11-23,"regular",20.2813647058824
2021-11-24,"regular",20.2738588235294
2021-11-25,"regular",20.2773882352941
2021-11-26,"regular",20.3433647058824
2021-11-27,"regular",20.4025647058824
2021-11-28,"regular",20.4355529411765
2021-11-29,"regular",20.4332235294118
2021-11-30,"regular",20.4820941176471
2021-12-01,"regular",20.5239529411765
2021-12-02,"regular",20.5125176470588
2021-12-03,"regular",20.4612470588235
2021-12-04,"regular",20.4190117647059
2021-12-05,"regular",20.3634823529412
2021-12-06,"regular",20.3459294117647
2021-12-07,"regular",20.3353647058824
2021-12-08,"regular",20.3043764705882
2021-12-09,"regular",20.3098823529412
2021-12-10,"regular",20.3226352941176
2021-12-11,"regular",20.3362117647059
2021-12-12,"regular",20.3988941176471
2021-12-13,"regular",20.4116235294118
2021-12-14,"regular",20.4737882352941
2021-12-15,"regular",20.5140705882353
2021-12-16,"regular",20.5282352941176
2021-12-17,"regular",20.5449411764706
2021-12-22,"regular",20.6
2021-12-23,"regular",20.5904235294118
2021-12-24,"regular",20.5911764705882
2021-12-25,"regular",20.6056470588235
2021-12-26,"regular",20.6205647058824
2021-12-27,"regular",20.6315058823529
2021-12-28,"regular",20.6638823529412
2021-12-29,"regular",20.7238588235294
2021-12-30,"regular",20.7682823529412
2021-12-31,"regular",20.8178117647059
2022-01-01,"regular",20.8520235294118
2022-01-02,"regular",20.8677882352941
2022-01-03,"regular",20.8678588235294
2022-01-04,"regular",20.8808
2022-01-05,"regular",20.9180705882353
2022-01-06,"regular",20.9481176470588
2022-01-07,"regular",20.9484705882353
2022-01-08,"regular",20.9561176470588
2022-01-09,"regular",20.9447294117647
2022-01-10,"regular",20.9425882352941
2022-01-11,"regular",20.9384941176471
2022-01-12,"regular",20.9377882352941
2022-01-13,"regular",20.9204941176471
2022-01-14,"regular",20.9392
2022-01-15,"regular",20.9483294117647
2022-01-16,"regular",20.9516705882353
2022-01-17,"regular",20.9478352941176
2022-01-18,"regular",20.9567294117647
2022-01-19,"regular",20.9644941176471
2022-01-20,"regular",20.9728705882353
2022-01-21,"regular",20.9816941176471
2022-01-22,"regular",20.9807294117647
2022-01-23,"regular",20.9845647058824
2022-01-24,"regular",20.9802117647059
2022-01-25,"regular",20.9900705882353
2022-01-26,"regular",20.9964705882353
2022-01-27,"regular",21.0034352941176
2022-01-28,"regular",21.0049176470588
2022-01-29,"regular",21.0083764705882
2022-01-30,"regular",21.0137176470588
2022-01-31,"regular",21.0116705882353
2022-02-01,"regular",21.0186823529412
2022-02-02,"regular",21.0228235294118
